PSGC_code,nearest_health
157001001.0,0.5254315320341493
157001002.0,0.5226508411101742
157001003.0,0.5321115476670338
157001004.0,0.541303280855496
157001005.0,0.5154983823132836
157001007.0,0.5247009595147751
157001008.0,0.513487232754877
157001009.0,0.5204296261417587
157001010.0,0.5199621307850099
157001011.0,0.5176506026808986
157001012.0,0.5368074169467443
157001013.0,0.5232084888530162
157001014.0,0.5126546122478369
157001015.0,0.5274131389310623
157001016.0,0.5215108292826606
157001017.0,0.523537610751117
157001018.0,0.5062424439526917
157002005.0,0.5202696210413619
157002006.0,0.5259799401590376
157002007.0,0.5162104700601531
157002009.0,0.5186288460737638
157002010.0,0.5138633986467553
157002012.0,0.5228340749108974
157002013.0,0.5171695599208049
157002014.0,0.5162077464229295
157002015.0,0.5248380920180973
157002016.0,0.5179544855698187
157002017.0,0.521160493233307
157002018.0,0.5190860057675135
157002019.0,0.5210498676569346
157002021.0,0.5151045599151213
157002022.0,0.5142975373117632
157002023.0,0.5127642230992655
157002024.0,0.5145434125495582
157002025.0,0.5159239482888173
157002026.0,0.5119994526080374
157002027.0,0.5140527608510091
157002030.0,0.5146813129261745
157002031.0,0.5266750601159768
157002033.0,0.5126098639252115
157002034.0,0.5261661895264422
157002037.0,0.5281705067170477
157002040.0,0.5149131073544775
157002042.0,0.5164143676454299
157002043.0,0.5180658839145145
157002044.0,0.5146731740276196
157002045.0,0.5133645827108337
157002046.0,0.519416285786828
157002047.0,0.5136821340758596
157002048.0,0.5135242665008044
157002049.0,0.5130995345192059
157002050.0,0.5136960268210263
157003002.0,0.697926630014686
157003003.0,0.6963231874618503
157003004.0,0.6918284910239757
157003005.0,0.696373219052418
157003006.0,0.6932467322234785
157003007.0,0.6941653292835032
157003008.0,0.6959674835283106
157003009.0,0.6950335315578282
157003012.0,0.6988666188688915
157003013.0,0.6932572124969144
157003014.0,0.6977699393936527
157003015.0,0.6945475899419633
157003016.0,0.6963873802617288
157004001.0,0.501199581530653
157004002.0,0.4937039504281302
157004003.0,0.5040367302366375
157004004.0,0.5025283034417062
157004005.0,0.5032771827321638
157004006.0,0.5017507020897594
157004007.0,0.5039145099290344
157004008.0,0.503229914291944
157004009.0,0.4940526774123658
157004011.0,0.5015799394008035
157004012.0,0.49991924805566296
157004013.0,0.503391459785741
157004014.0,0.4943380504168067
157004015.0,0.49973737075271685
157005001.0,0.4783303807012221
157005004.0,0.46737117456742355
157005010.0,0.4741616046994323
157005012.0,0.4771665543908314
157005016.0,0.4719384226747681
157005021.0,0.47033654725116986
157005023.0,0.47202247396594915
157005025.0,0.49219102056914305
157007002.0,0.5446524444841456
157007009.0,0.5409815003525975
157007010.0,0.5391696391762386
157007012.0,0.5440149335672816
157007026.0,0.5498330577595166
157007030.0,0.5394380025021733
157007031.0,0.5413231285139314
157007033.0,0.5398089781324855
157007041.0,0.5423627920965601
157007042.0,0.5419150166419274
157007043.0,0.5403281581741677
157007044.0,0.5416984493175725
157007045.0,0.5390167253229641
157007046.0,0.5531278495811226
157007047.0,0.5452302109971723
157007048.0,0.5463838066742531
157007049.0,0.5406575121739097
157007050.0,0.5478653076113967
157007051.0,0.5399573361829526
157007052.0,0.5491305451119043
157008001.0,0.6146102658203296
157008002.0,0.60345712036761
157009001.0,0.5355423900757055
157009002.0,0.5562513974931107
157009003.0,0.5482286694219942
157009004.0,0.5432918061251756
157009005.0,0.5454251610716316
157009006.0,0.5383139287980316
157009009.0,0.5385653706519523
157009010.0,0.5398879858600081
157009011.0,0.5317222526153724
157009012.0,0.5640813677652292
157009013.0,0.5527043247916382
157009015.0,0.5411820870109117
157009016.0,0.5567572534882024
157009017.0,0.5542456406750959
157009018.0,0.5553189839486872
157009019.0,0.5354455496096636
157009020.0,0.5302958807621195
157009021.0,0.5459774242725094
157009022.0,0.5507540204802767
157010001.0,0.536655640359923
157010002.0,0.5229560035793648
157010003.0,0.5221917953363862
157010004.0,0.5375190625067638
157010005.0,0.5250423068045378
157010006.0,0.532815719511254
157010007.0,0.5381047557285039
157010008.0,0.5317179738350386
157010009.0,0.5264656726768467
157010010.0,0.5349991016392631
157010011.0,0.535034349314041
157010012.0,0.5359999403577225
157010013.0,0.5273712887236903
157010014.0,0.5340912999825866
157010015.0,0.5259243963250231
157010016.0,0.5371005760250085
157010017.0,0.5316671467264301
157010018.0,0.5354835002028397
157010019.0,0.5362034794367271
157010020.0,0.5254089808000872
157010021.0,0.5343293712399624
157010022.0,0.5268741361900605
157010023.0,0.5232337686459712
157011001.0,0.48896640334717123
157011002.0,0.4902063987261533
157011003.0,0.4874171791689234
157011004.0,0.4725011272821304
157011005.0,0.49077743339353275
157011006.0,0.4915173354031967
157011007.0,0.4695871817453989
157011008.0,0.4847321370593691
157011009.0,0.47833714601605754
157011010.0,0.49040096927361954
157011011.0,0.49349731691354426
157011012.0,0.4774670150766914
157011013.0,0.47594501167332903
157011014.0,0.47395114339167177
157011015.0,0.4801961172153072
157011016.0,0.471638561103804
156607031.0,0.6487830457379266
156607033.0,0.651404490369276
156607034.0,0.6508891776144108
156607036.0,0.652312128461294
156607037.0,0.6476192724675266
156607038.0,0.6496426357596576
156607039.0,0.6504457543447976
156607040.0,0.6511351952056028
156607042.0,0.6491720209706161
156607043.0,0.6499432113863831
156608003.0,0.6552425787114217
156608006.0,0.6567178114070596
156608007.0,0.6533619028810707
156608009.0,0.6514566757091355
157006030.0,0.5549505186540026
157006032.0,0.5505162070382457
157006033.0,0.5500508886039045
157006034.0,0.5495531857723264
157006035.0,0.55009101754987
157006036.0,0.5549851625730737
157006037.0,0.5548214614580437
157006038.0,0.5570231159502171
157006039.0,0.5551472182235977
150713006.0,0.7111524597346391
150713010.0,0.7139382449041365
150713011.0,0.7126497784564603
150713012.0,0.71206789634332
156601001.0,0.64442314623986
156601002.0,0.6445904297617513
156601003.0,0.6445885059207918
156601004.0,0.6459844820078342
156601005.0,0.6398159544409148
156601006.0,0.6425925443688243
156601007.0,0.638519325744158
156601008.0,0.6389430416175237
156601010.0,0.6435912461045817
156601011.0,0.6468148369776084
156601012.0,0.6434170003301137
156601013.0,0.6376844453689436
156601014.0,0.6373238339012207
156601015.0,0.6398216475966997
156601016.0,0.6386016633186188
156601017.0,0.6406152089154595
156601018.0,0.6397519730038735
156601019.0,0.6415437573329348
156601020.0,0.6429930894755718
156601021.0,0.6383890864065123
156601022.0,0.6400612405237357
156601023.0,0.6375408313033909
156601024.0,0.6391002691918808
156601025.0,0.6371196079039646
156601026.0,0.640671176258481
156601027.0,0.6365031880760615
156601028.0,0.6385416890597361
156601029.0,0.6407666104167682
156601030.0,0.6450848776951327
156601031.0,0.6438920073040941
156601032.0,0.6419398041429157
156601033.0,0.6375136312150179
156601035.0,0.6427942604382876
156601036.0,0.6411746365729921
156602001.0,0.6480455579999627
156602002.0,0.648023800798843
156602003.0,0.64946329604656
156602004.0,0.6485392374606286
156602007.0,0.6485355884310251
156602008.0,0.6484746625495543
156602009.0,0.6482835472704003
156602010.0,0.6487246140128
156603002.0,0.6448328118272028
156603004.0,0.6437227492376001
156603010.0,0.649344065721691
156603011.0,0.6447775448525518
156603012.0,0.6475690631162397
156603013.0,0.6447335437689594
156603016.0,0.6469601087618433
156603017.0,0.6502185042386345
156603018.0,0.6464115026311861
156604004.0,0.6559383863849088
156604007.0,0.6549773593466767
156604008.0,0.6563624136736527
156604012.0,0.6527386754790317
156604013.0,0.6529800124483878
156604014.0,0.6521958155952786
156604015.0,0.6515116439996447
156604021.0,0.6530548524920472
156604024.0,0.6559099226755011
156604028.0,0.6588851652099429
156604029.0,0.6493643293421266
156604030.0,0.651024757617176
156605001.0,0.6426168590387896
156605002.0,0.636801619178969
156605003.0,0.6385259081334306
156605004.0,0.6387468049254016
156605005.0,0.6398522405352366
156605006.0,0.6430894791022259
156605007.0,0.6411481443511245
156605008.0,0.6418431519329361
156605009.0,0.638214887707323
156605010.0,0.6402557544866095
156605011.0,0.6382332762439676
156605012.0,0.6362352693951604
156605013.0,0.6405221224263379
156605014.0,0.6350214870706592
156605015.0,0.6375402462906274
156605016.0,0.6357761192494782
156605017.0,0.6393863064423804
156605018.0,0.6382635084974843
156605019.0,0.6406961780639575
156605020.0,0.637335291604895
156605021.0,0.6411948715566921
156605022.0,0.6387668704384855
156605023.0,0.6383564139281253
156605024.0,0.6419710008966734
156605025.0,0.6428295537534667
156605026.0,0.6428935183492394
156605027.0,0.6414800017135697
156606002.0,0.66064932496793
156606003.0,0.6551545391971839
156606008.0,0.6553659299491663
156606012.0,0.6519522091557962
156607001.0,0.6470237934938576
156607002.0,0.6482330471408465
156607003.0,0.65025760093622
156607004.0,0.6479727403863872
156607005.0,0.6486274641826374
156607006.0,0.6509183519986003
156607007.0,0.6542959244663965
156607008.0,0.650061553007841
156607011.0,0.647848839095284
156607013.0,0.6511500175145358
156607014.0,0.6494200357232862
156607015.0,0.6512358999501473
156607016.0,0.6528995986952221
156607017.0,0.6521732974673015
156607018.0,0.6479647576739038
156607019.0,0.6575783785965863
156607023.0,0.6483963820001412
156607027.0,0.6498788470879943
156607028.0,0.6477171349863158
156607029.0,0.6482241264229031
156607030.0,0.6534416394796856
156608010.0,0.6569461386373936
156608011.0,0.6530551545819359
156608013.0,0.6572705530836341
156608014.0,0.6588159820256768
156608018.0,0.6547238178133619
156609001.0,0.6358401539955866
156609002.0,0.6346924459878392
156609003.0,0.6318187597605689
156609004.0,0.6339190315041953
156609005.0,0.6356809409913361
156609006.0,0.636143835207046
156609008.0,0.6362287892911733
156609009.0,0.6326040820810324
156609010.0,0.639115165551699
156609011.0,0.634527646472267
156609012.0,0.6382227780105384
156609013.0,0.6338439480815908
156609015.0,0.640000930757562
156609016.0,0.6327569249831905
156609017.0,0.6354522878914953
156609019.0,0.633705108248043
156609021.0,0.6331993266097723
156609023.0,0.633163841216538
156609024.0,0.6355473228900245
156609025.0,0.6350996495993344
156609026.0,0.6356428561702826
156609027.0,0.6350296610474906
156609028.0,0.6329724519943966
156609029.0,0.6335483364547224
156609030.0,0.6339904662246734
156609031.0,0.6321316077053627
156609032.0,0.6343339643109378
156609033.0,0.6347740167397138
156609034.0,0.6365255925901762
156609035.0,0.6329030325343052
156609036.0,0.6345189192420113
156609037.0,0.6363455812794502
156609038.0,0.6373667982282001
156609039.0,0.6337323859151464
156609040.0,0.6342788650082075
156609041.0,0.6352485827177264
156609042.0,0.6330190846391476
156609043.0,0.6353882019817156
156609044.0,0.6376927954724559
156609045.0,0.6358403679425142
156610001.0,0.634433237752687
156610003.0,0.639231289178918
156610004.0,0.6357404825840672
156610005.0,0.6316877095603902
156610006.0,0.6359672530491958
156610007.0,0.6318236979018568
156610008.0,0.6323110204807828
156610009.0,0.6307934219935796
156610010.0,0.6350219707008228
156610011.0,0.6327558726445265
156610012.0,0.6351937492952959
156610013.0,0.6331931657618093
156610014.0,0.6333301508429365
156610015.0,0.6341288988297915
156611001.0,0.646505041417317
156611002.0,0.6532868893549342
156611003.0,0.6502018789442643
156611004.0,0.6564553348588417
156611005.0,0.6546264667703288
156611006.0,0.6480379823119007
156611007.0,0.649948069323248
156611008.0,0.6551283922278148
156611009.0,0.6516198303502934
156611010.0,0.6540515264654049
156611011.0,0.6555714525134188
156611012.0,0.6546479008634304
156611013.0,0.6471718375137224
156611014.0,0.6485515709873227
156611015.0,0.6515649387717888
156611016.0,0.6505595324934685
156611017.0,0.6502716721916335
156611018.0,0.6560769754195658
156611019.0,0.6537306719641205
156611020.0,0.6547956805850326
156611021.0,0.6538009141771851
156611022.0,0.652440641893525
156611023.0,0.655926909053359
156611024.0,0.6526529000371376
156611025.0,0.6534540304584948
156611026.0,0.655965788234975
156611027.0,0.6525424547068718
156611028.0,0.6513078496547601
156611029.0,0.6516310927907065
156611030.0,0.6498094754926338
156612001.0,0.5966618079383395
156612004.0,0.5983372956572096
156612006.0,0.6013611919671137
156612007.0,0.5955486065993809
156612008.0,0.5975804249172655
156612009.0,0.5962378634585247
156612010.0,0.5978068744761679
156612011.0,0.6021559921045897
156612012.0,0.59757771427669
156612013.0,0.5922715989584011
156612015.0,0.5945032139027289
156612016.0,0.5938746222242669
156612018.0,0.5925045890420668
156612019.0,0.5996551943485255
156612020.0,0.5911822466781211
156612021.0,0.5961718749217724
156612023.0,0.5997511913236376
156612025.0,0.5965099491483384
156612026.0,0.601394577723965
156612030.0,0.5997251757003865
156612032.0,0.5977402637538112
156612035.0,0.5933672750284258
156612037.0,0.5974268688949351
156612038.0,0.5995026509067659
156612040.0,0.590949062200015
156612041.0,0.5946698801344612
156612042.0,0.5968974098014704
156612046.0,0.5956697745077855
156612048.0,0.596879973319507
156612049.0,0.5941152190120486
156612050.0,0.5934343686374833
156612053.0,0.598815138377482
156612056.0,0.5944203652242457
156612057.0,0.5956906993314677
156612058.0,0.600264558679135
156612059.0,0.5983694465388039
156612060.0,0.5978939183727316
156612061.0,0.5926846532627413
156612065.0,0.590987030072488
156612066.0,0.5935434029069723
156612067.0,0.596033228733413
156612069.0,0.5945255964867535
156612070.0,0.5999357538945531
156612071.0,0.5999122816042178
156612072.0,0.5999580919564128
156612073.0,0.5953557371900682
156612074.0,0.590903849913676
156612075.0,0.5952428168893454
156612076.0,0.5990400662818414
156612080.0,0.5996665633977648
156613001.0,0.6444265577865197
156613002.0,0.6504768696528915
156613003.0,0.6445397207174367
156613004.0,0.645763395786583
156613007.0,0.6496541384828742
156613008.0,0.6475175564587441
156613009.0,0.6456607118100612
156613010.0,0.643663640675528
156613011.0,0.6481376393129394
156613014.0,0.6439266658077035
156613015.0,0.6459989825197231
156613016.0,0.6479041953075492
156613017.0,0.6469810224714779
156613018.0,0.646780158001927
156613019.0,0.6476045783304102
156613020.0,0.6432355341101494
156613021.0,0.6489414686974004
156613023.0,0.6483768497970566
156613024.0,0.6405887725736766
156613025.0,0.6442935536122018
156613026.0,0.6483702153914364
156613027.0,0.6444955481953826
156613028.0,0.6463465343924286
156613029.0,0.6433328393463746
156613030.0,0.6479200216624229
156613031.0,0.6450155474535956
156613032.0,0.6493026020602425
156613033.0,0.64210593651129
156613035.0,0.6471358217286863
156613036.0,0.6468790502008556
156613037.0,0.6471918676247186
156613038.0,0.6407245381708859
156613039.0,0.6439707281113273
156613040.0,0.6434590074854222
156613041.0,0.641780644088404
156613042.0,0.646573793203737
156613043.0,0.6465902038479008
156613044.0,0.6429402257922509
156613045.0,0.6433936159744079
156613047.0,0.6447988858819231
156613048.0,0.639773820059534
156613049.0,0.6449706762275166
156613051.0,0.6427928389948641
156613052.0,0.6456192817057176
156613053.0,0.6456215958810261
156613054.0,0.6431244512099604
156613055.0,0.6487598166213264
156613056.0,0.6459714241927753
156613057.0,0.649759297361894
156613058.0,0.6383306931795577
156613059.0,0.6449788262560435
156613060.0,0.6416002873647602
156614003.0,0.6126739036555852
156614010.0,0.6172439657587928
156614013.0,0.6159506096214301
156614014.0,0.6129346576655619
156614016.0,0.615794614359608
156614017.0,0.616866115239817
156614018.0,0.6140238613239793
156614019.0,0.6177013549797156
156614025.0,0.6145804466807279
156614027.0,0.617347743113948
156614028.0,0.6143688957750308
156614030.0,0.6162602929875386
156614032.0,0.6178914162799879
156614033.0,0.6190987951728785
156614035.0,0.6162265095364026
156615001.0,0.6645068297502802
156615002.0,0.6689546732256906
156615003.0,0.6921967708558213
156615004.0,0.6921387098288849
156615005.0,0.690353441696606
156615006.0,0.6819839857610069
156615007.0,0.6795732647710345
156615009.0,0.6832186639273522
156615010.0,0.6748747873073739
156615011.0,0.6855759716027228
156615012.0,0.6930333320173171
156615013.0,0.6909580288835189
156615014.0,0.690665841190302
156615015.0,0.6999855784851114
156616001.0,0.6494765291561718
156616002.0,0.6461117182441313
156616003.0,0.6493900177338559
156616004.0,0.649026340511034
156616005.0,0.646425930712214
156616006.0,0.64950511449798
156616007.0,0.6475485473517855
156616008.0,0.6490299146728614
156616009.0,0.6440061396932728
156616010.0,0.6477806158622182
156616011.0,0.6473826489372172
156616012.0,0.6474049477493716
156617001.0,0.6096617986010004
156617002.0,0.6083859693014411
156617003.0,0.6086080835413037
156617004.0,0.6108869704246739
156617005.0,0.6107401454381104
156617006.0,0.6093035928283621
156617007.0,0.6102553145579512
156617008.0,0.6109576618361298
156617009.0,0.6066063633963295
156617010.0,0.6104146136279996
156617011.0,0.608972459657898
156617012.0,0.6069627865765923
156617013.0,0.6107886083252296
156617014.0,0.6095741529190584
156617015.0,0.6076986948279317
156617016.0,0.6108054167981004
156617017.0,0.6081398001504712
156618001.0,0.5944195140717006
156618002.0,0.5914108456289622
156618003.0,0.5957428668866099
156618004.0,0.5941654364597903
156618005.0,0.5912423858393043
156618006.0,0.5915796307179001
156618007.0,0.5890562895118796
156618009.0,0.5878245863170314
156618010.0,0.5938083471383883
156618011.0,0.5880731653963901
156618012.0,0.5959762603974436
156618013.0,0.5868712715308194
156618014.0,0.595915010689167
156618015.0,0.5877002859270157
156618016.0,0.5888183063090169
156619001.0,0.656322990478329
156619002.0,0.6586534295235268
156619003.0,0.6642065922129907
156619004.0,0.6546946058787619
156619005.0,0.6586276254990723
156619006.0,0.6567084339814202
156619007.0,0.6515072906459851
156619008.0,0.6551007269875524
157006001.0,0.5550822405547432
157006005.0,0.5551592020538817
157006006.0,0.5597128886598302
157006007.0,0.5556991138391079
157006009.0,0.5509452750330409
157006010.0,0.5504962745136435
157006011.0,0.55036022126792
157006012.0,0.5503063969666153
157006013.0,0.5501143671512452
157006014.0,0.5502908069571776
157006015.0,0.5563626086540252
157006016.0,0.5559163377170642
157006017.0,0.55486500429253
157006019.0,0.5561833585022827
157006023.0,0.5595209813688962
157006024.0,0.5548207497116376
157006025.0,0.5553499843890588
157006026.0,0.5573312581760527
157006028.0,0.5502039420123717
157006029.0,0.5503921691294617
150702059.0,0.7529418150597367
150703001.0,0.7393950831316587
150703003.0,0.7356426369987882
150703004.0,0.7384041517627703
150703007.0,0.7369776093550952
150703008.0,0.7415864137979561
150703011.0,0.737787055829457
150703012.0,0.7384042434569938
150703016.0,0.7354540653558045
150703017.0,0.7403111256669368
150703018.0,0.7372636140956227
150703019.0,0.7391192509808331
150703021.0,0.7322067029493885
150703024.0,0.7319548433138618
150703025.0,0.7338075407574033
150703026.0,0.7374380907394014
150703027.0,0.7330609298914178
150703029.0,0.7331072600793347
150703030.0,0.734107235332987
150703031.0,0.7308559724553239
150703033.0,0.7350334516651656
150703034.0,0.7367086902087866
150703035.0,0.7384901913046031
150703036.0,0.7355722599677442
150703037.0,0.7313763161435279
150703038.0,0.7327351998460158
150704001.0,0.7253219269654759
150704002.0,0.7314679773315089
150704003.0,0.7238736417325934
150704004.0,0.725304213521034
150704005.0,0.729101371399197
150704006.0,0.7268368825269412
150704007.0,0.730479204215379
150704008.0,0.7251323108876205
150704009.0,0.7289749500869193
150704010.0,0.7287197768153504
150704011.0,0.7295086137152406
150704012.0,0.7294710912697021
150704013.0,0.7290525886014654
150704015.0,0.7266040967094293
150704016.0,0.7304086165847274
150704017.0,0.7194101962717913
150704018.0,0.728026306246145
150704019.0,0.7293288613636516
150704020.0,0.7286917395971306
150704021.0,0.732090587715305
150705001.0,0.7298427502477577
150705002.0,0.7237970246444072
150705007.0,0.724036091047862
150705010.0,0.7259986969885788
150705014.0,0.7219650869685463
150705019.0,0.7259718199818244
150705024.0,0.7277264722917842
150705027.0,0.7323177104310381
150705028.0,0.7269546411608299
150705031.0,0.724129154758155
150705035.0,0.7255166585874947
150705041.0,0.7232485122434118
150705042.0,0.7234626491864351
150705043.0,0.7332662193447095
150705044.0,0.7309125762578685
150705047.0,0.725310200174076
150705051.0,0.7294055478156567
150712001.0,0.7313891623889278
150712002.0,0.7299948873378502
150712003.0,0.7273091700957108
150712004.0,0.7287504662274576
150712005.0,0.7245949756465204
150712006.0,0.7205519151003545
150712007.0,0.7228520228504831
150712008.0,0.7399062892843106
150712009.0,0.7440154098605855
150712010.0,0.7260033745345253
150702001.0,0.7418448150764159
150702002.0,0.7466990048508882
150702004.0,0.7477508942923052
150702006.0,0.7540736264910074
150702007.0,0.749558801220773
150702008.0,0.7525749820019757
150702010.0,0.7436383812567393
150702011.0,0.7530513281342279
150702012.0,0.7461833732995399
150702014.0,0.7444455653947567
150702016.0,0.7505446252405142
150702018.0,0.7491291399044602
150702020.0,0.7505048322992568
150702024.0,0.7555564596830626
150702025.0,0.7527819842198537
150702028.0,0.7483718355369174
150702032.0,0.746315444384025
150702035.0,0.7542457745794727
150702036.0,0.7536654248858679
150702039.0,0.7452493956521926
150702050.0,0.7506717537565759
150702054.0,0.7447195051926427
150702056.0,0.7445767943076216
150702057.0,0.7478619457002819
150702058.0,0.7521019108639134
150702061.0,0.7499061594022176
150702062.0,0.7511103253037934
150702063.0,0.7460811846503834
150702064.0,0.7513520366560429
150702065.0,0.7518723117888509
150702066.0,0.7515476373584513
150702067.0,0.7518543873475128
150702068.0,0.7509982704408867
150702069.0,0.7519253210085179
150702070.0,0.7425414042229975
150705029.0,0.7288217708361068
150705036.0,0.7308689551806649
150705045.0,0.7321470345327428
150705048.0,0.735874713319124
150706002.0,0.7434761578210923
150706003.0,0.744657387664487
150706004.0,0.742358289334909
150706011.0,0.7408063396059845
150706012.0,0.7394099630185177
150706016.0,0.7376792275247746
150706017.0,0.7371335681682488
150706018.0,0.7432817652613056
150706019.0,0.7428756975890521
150706030.0,0.736461203079276
150706038.0,0.7415199904052604
150707005.0,0.7501622507531746
150707010.0,0.7516875819674387
150707016.0,0.7476360758810453
150707021.0,0.7514395177976642
150707025.0,0.747808693591115
150707028.0,0.7506775434379466
150707033.0,0.7493133427968476
150707034.0,0.7502229171427351
150707040.0,0.749791406057899
150707041.0,0.748230766265072
150708001.0,0.7514624947091534
150708002.0,0.7634949323396819
150708003.0,0.7532384879375029
150708004.0,0.7517159491340908
150708005.0,0.7537158251592552
150708006.0,0.752554784395006
150708007.0,0.7539219052797871
150708008.0,0.7519790664281576
150708009.0,0.7525630663345872
150709001.0,0.7381571068369259
150709002.0,0.7393886393211941
150709003.0,0.7341759154285193
150709004.0,0.7371290711245988
150709005.0,0.7407899083851954
150709006.0,0.741427634399235
150709007.0,0.7388630131893209
150709008.0,0.7401609981102881
150709009.0,0.7355510916033171
150709010.0,0.736318877897979
150709011.0,0.7352182531118253
150709012.0,0.7396887201241484
150709013.0,0.7381475509623191
150709014.0,0.7408655303387066
150709015.0,0.7374921382691262
150709016.0,0.740101179036659
150710001.0,0.7569153483479675
150710002.0,0.7547741174126859
150710003.0,0.7533676059006588
150710004.0,0.7720972999757735
150710005.0,0.7527719347744203
150710006.0,0.7545740244295145
150710007.0,0.7551637966481884
150710008.0,0.7546206062815325
150710009.0,0.7712030308026733
150710010.0,0.7572661168243204
150710011.0,0.7560867506971957
150711001.0,0.731828733184514
150711002.0,0.7372649276053092
150711003.0,0.7330494027879855
150711004.0,0.7386228248348848
150711005.0,0.7424877474755631
150711006.0,0.7391694186748156
150711007.0,0.7336464717109316
150711008.0,0.7347771267574216
150711009.0,0.7411180440361023
150711010.0,0.7355338592852325
150711011.0,0.7313441498807063
150711012.0,0.7336854765138926
124703017.0,0.9467992745562157
124703021.0,0.9484766402115936
124703022.0,0.9587742095762142
124703023.0,0.9563073729693679
124703024.0,0.9611140946320188
124709033.0,0.9184767579229923
129804031.0,0.9131787485908208
129804032.0,0.9131807398223281
129804033.0,0.9101316819880322
129804034.0,0.9109514933802161
129804035.0,0.9119582238274713
129804036.0,0.9125553942514704
129804037.0,0.9122003067712572
153601001.0,0.957881946997457
153601002.0,0.9575966481625728
153601004.0,0.9568160391328062
153601005.0,0.9595898575845376
153601006.0,0.9575544114791595
153606006.0,0.9824734377393687
153606007.0,0.9806608449323762
153606008.0,0.9844960587315017
153606011.0,0.9852788924983574
153606012.0,0.9818673075440428
153606014.0,0.9830760298252266
153606015.0,0.983118306761692
153606017.0,0.981905243755393
153606019.0,0.9826301931298418
153606022.0,0.9830896765605907
153606023.0,0.9839733691934786
153606027.0,0.981119326941248
153606028.0,0.9814481380019529
153617024.0,0.9814265069925748
153617025.0,0.976007176853093
153617026.0,0.9759597706336739
153617027.0,0.9785324637645746
153617029.0,0.9779766992447563
153617030.0,0.9776672723346931
153617032.0,0.9826937155063105
153617033.0,0.9785309159628645
153617035.0,0.9775772824412257
153617036.0,0.9775832423217466
153617037.0,0.975854411096386
153617039.0,0.9757066979902506
153631009.0,0.9434962552816598
153631010.0,0.944879637813393
153631011.0,0.9434561942505995
153631012.0,0.9396308104250803
153631015.0,0.9404819425462683
153631016.0,0.9381190259390599
153631017.0,0.9421938939378071
153631018.0,0.9444390012371906
153631020.0,0.9414344050071072
153631021.0,0.9410567270382807
153631023.0,0.9380528727645976
153631024.0,0.9374384119710055
153631026.0,0.9465866117855937
153634033.0,0.9746556141045561
153634037.0,0.9739612970117194
153634038.0,0.9748784344363349
153634041.0,0.9744931800095814
153634045.0,0.9834425271043636
153634048.0,0.9755779145170357
153634051.0,0.9747862131122873
153634052.0,0.9730057745821611
153634053.0,0.9735858495554313
153634054.0,0.9735527122964273
153634055.0,0.9740199729420989
153634056.0,0.9724917029140242
153634057.0,0.9726203312045871
124702010.0,0.9441226186298056
124702015.0,0.9514511452700474
124702016.0,0.9521519278315487
124702024.0,0.9497560695911719
124702027.0,0.9433915810948856
124702030.0,0.9545277029700703
124702039.0,0.9432822788978729
124703004.0,0.9494792285241433
124703013.0,0.9524922049027874
124709011.0,0.9161882986916832
124709014.0,0.916877916907587
124709015.0,0.9185091636451306
124709016.0,0.9205781499014088
124709019.0,0.9189926767185489
124709020.0,0.9270466618748477
124709027.0,0.9236019033756587
124709029.0,0.922430540617581
124709030.0,0.9204169836680489
124709047.0,0.9190066087841452
124709050.0,0.9226723037183107
124709051.0,0.9223713983507599
124711003.0,0.9207660927201037
124711009.0,0.9221224339510691
124711012.0,0.9215395053586766
124711013.0,0.9177866324611657
124711014.0,0.918587131994034
124711016.0,0.9171287809124958
124711017.0,0.9198583179642581
124711018.0,0.9184877684121606
124711022.0,0.9197473884914976
124711028.0,0.9167487173497482
124711029.0,0.9381424726377762
124711036.0,0.9239097032897583
124712001.0,0.9264290241611904
124712005.0,0.9224986674516914
124712006.0,0.9331736565963488
124712007.0,0.9212510981462578
124712008.0,0.9301608061981221
124712009.0,0.9249538508118853
124712010.0,0.9238493210437391
124712012.0,0.9241282156799475
124712019.0,0.9294767784097553
124712021.0,0.9267804000258018
124712022.0,0.9390414273541882
124712024.0,0.9197414567169931
124712030.0,0.9260183212747399
124712034.0,0.9248155926807032
124712035.0,0.9195380149407779
124712037.0,0.9231987449519479
124712040.0,0.9353264701574027
124712041.0,0.929226328080969
124712044.0,0.9335715587579408
124712048.0,0.9273653468169758
124712052.0,0.9274659742738965
124712062.0,0.9238852420727685
124717004.0,0.9251729125410295
124717017.0,0.9228581471160663
129804001.0,0.9139913297695583
129804002.0,0.9123978146126204
129804003.0,0.9145841785436085
129804004.0,0.9127276174675727
129804005.0,0.9100884137067958
129804006.0,0.9131568620720605
129804007.0,0.912545667711265
129804008.0,0.9138401003697079
129804009.0,0.9154320227268701
129804010.0,0.9097172794429589
129804011.0,0.9149355343726457
129804012.0,0.9142977236808522
129804013.0,0.9140123047218184
129804014.0,0.9141828511792613
129804015.0,0.9143350429496464
129804016.0,0.9141685532859621
129804017.0,0.9146725023107439
129804018.0,0.9128818579084494
129804019.0,0.9130822772775717
129804020.0,0.9136502986361118
129804021.0,0.9139480880850078
129804022.0,0.9137237274363884
129804023.0,0.9134053145252576
129804024.0,0.9131967164721666
129804025.0,0.9126396880153255
129804026.0,0.9121885343744184
129804027.0,0.9115488699104678
129804028.0,0.9114871236697132
129804029.0,0.9117972486606294
129804030.0,0.9117694866102173
153601007.0,0.9581241965875592
153601008.0,0.9574500997549513
153601009.0,0.9583098574555816
153601010.0,0.9581999451511332
153601011.0,0.957920565863457
153601012.0,0.9581938283349111
153601013.0,0.9585325568270859
153601014.0,0.9577267508597529
153601015.0,0.9576467075771685
153601016.0,0.9586956443950488
153601018.0,0.9580017362883038
153601019.0,0.9576867389033312
153601020.0,0.9572180524767054
153601021.0,0.9577711523251181
153601022.0,0.9583984213073522
153601023.0,0.958512237079011
153601024.0,0.9593217604417253
153601025.0,0.9602451601662334
153601026.0,0.9589917302355003
153601027.0,0.9589501186146369
153601028.0,0.9576235194501371
153602002.0,0.9293225024805943
153602003.0,0.9313737861611637
153602004.0,0.9288192990995578
153602006.0,0.9280795180641492
153602007.0,0.9327075188390797
153602008.0,0.935104556248365
153602010.0,0.9313552372120849
153602011.0,0.9310293667308764
153602012.0,0.9344508540650114
153602013.0,0.9306039565127915
153602014.0,0.9304922915194986
153602015.0,0.9330697908025297
153602016.0,0.9324348639683903
153602019.0,0.9339469375371063
153602022.0,0.9372782551874873
153602027.0,0.9303736085114583
153602029.0,0.9328542622069469
153602032.0,0.9312037469136346
153602039.0,0.9287187825321855
153602043.0,0.9346230657670418
153602050.0,0.9361717801527172
153602051.0,0.936180298146663
153602052.0,0.9358158633335857
153602053.0,0.9302836462824183
153602054.0,0.9330590086238316
153602055.0,0.9347258513588634
153602056.0,0.9344475585358157
153603001.0,0.9653523269495087
153603005.0,0.9653448979016381
153603006.0,0.9673236277551532
153603007.0,0.9658226946927702
153603008.0,0.9649829973974335
153603009.0,0.9671190653068025
153603011.0,0.9638009306105403
153603013.0,0.9642222972968305
153603014.0,0.964128802522565
153603015.0,0.9640081798586077
153603016.0,0.9660966146404784
153603018.0,0.9662542434263648
153603021.0,0.96558937512435
153603022.0,0.9673019724159161
153603024.0,0.9635784854002517
153603025.0,0.9657022383427156
153603026.0,0.9644497761078478
153603027.0,0.9647818051126474
153603029.0,0.9676737069075261
153603031.0,0.9650292055404379
153603032.0,0.9650980076638068
153603033.0,0.9635464161127715
153603035.0,0.9664632372560762
153603036.0,0.9650359822632392
153603037.0,0.9665282268596352
153603041.0,0.9636673520073814
153603042.0,0.9674251952095463
153603043.0,0.9666975387416679
153603044.0,0.966603141169067
153603046.0,0.9648691192037357
153603047.0,0.9660848647315011
153603050.0,0.9660408810337068
153603051.0,0.966389612746078
153603052.0,0.96475041433752
153603053.0,0.9668638449721292
153603054.0,0.9641821167952018
153603055.0,0.9648581465591237
153603056.0,0.966379623841468
153604003.0,0.9556314611829015
153604004.0,0.9563250876585723
153604005.0,0.9536734588438774
153604006.0,0.9539711882764065
153604007.0,0.9529571353661577
153604009.0,0.9546234934487066
153604010.0,0.9546311171622246
153604011.0,0.9560353428756779
153604012.0,0.9564538693377683
153604013.0,0.9539508181975804
153604014.0,0.95491267513149
153604015.0,0.9562676172428007
153604017.0,0.9547288655293942
153604018.0,0.9535646680867217
153604019.0,0.9552547822896367
153604020.0,0.9545659597211446
153604021.0,0.9558448242834061
153604022.0,0.9529375573595789
153604024.0,0.9562249829154299
153604025.0,0.9554054477385383
153604027.0,0.9526779798824286
153604028.0,0.9524403056078315
153604030.0,0.9545496222245965
153604031.0,0.9553961149444918
153604032.0,0.9552399922252562
153604033.0,0.9551366585036567
153604034.0,0.9558022532963922
153604035.0,0.9547596888154988
153604036.0,0.9559971902991484
153604037.0,0.9552361749892692
153604038.0,0.9545028700666257
153604039.0,0.9559695188802375
153604040.0,0.9557395855954078
153604041.0,0.9561346042824147
153604042.0,0.9563067273791112
153604043.0,0.9540316956271798
153604044.0,0.954439532627382
153604045.0,0.9560313728203677
153604046.0,0.9528769335134881
153604047.0,0.9521234290281786
153604048.0,0.9523201874358554
153604049.0,0.9565362447894057
153604050.0,0.9561026058301908
153604051.0,0.9562696646401799
153604052.0,0.9533190478739426
153604053.0,0.955546090274449
153604054.0,0.9556130899717045
153604055.0,0.9548793131256887
153604056.0,0.9561569238362512
153605001.0,0.9525358009873264
153605002.0,0.9521718700830818
153605003.0,0.9573655634929638
153605004.0,0.954500878141408
153605005.0,0.9544978722543713
153605006.0,0.9537727296897989
153605009.0,0.9555267208871716
153605010.0,0.9536806369711518
153605011.0,0.9541526424988537
153605012.0,0.9550562997784123
153605014.0,0.9533349568674601
153605015.0,0.954458935657002
153605016.0,0.9557514576219549
153605017.0,0.9551470705709941
153605018.0,0.9519791171678467
153605019.0,0.9547073525604741
153605020.0,0.9541047790748044
153605021.0,0.9553007819005561
153605022.0,0.9533474018280749
153605023.0,0.9527735115144571
153605024.0,0.9548930784234695
153605025.0,0.9534926507224407
153605028.0,0.9533418557534294
153605030.0,0.9551388566874619
153605033.0,0.9527692193366308
153605034.0,0.9550702480103119
153606002.0,0.9814650251040596
153606003.0,0.9818057843546332
153606004.0,0.9841631193708607
153606005.0,0.9835781730691459
153606030.0,0.9826744721182487
153606031.0,0.982867506205158
153606032.0,0.9829899216884673
153606033.0,0.9821275447292442
153606035.0,0.9812096777616989
153606037.0,0.9855718533970275
153606038.0,0.9818085663319246
153606039.0,0.9829607431871922
153606041.0,0.9824822413267981
153606045.0,0.9822546008207265
153606048.0,0.9802604668457559
153606049.0,0.9898243706137206
153606051.0,0.9824572965394515
153606052.0,0.9818433151539813
153606053.0,0.9823915691167321
153606054.0,0.9821657603549728
153606058.0,0.9824153257279323
153606059.0,0.9806467111988235
153606060.0,0.9836427243174742
153607012.0,0.957332207091428
153607013.0,0.9484393111838968
153607016.0,0.9637262704474387
153607019.0,0.9594087097125882
153607022.0,0.9543629318881479
153607041.0,0.9570699121084545
153607044.0,0.9589771645887267
153607045.0,0.9603011267414667
153607046.0,0.9629667188395873
153607047.0,0.9583063845440204
153607051.0,0.9628075639849191
153607052.0,0.9575236030730997
153607056.0,0.9558869869221036
153607060.0,0.9604698166584265
153607062.0,0.9609986468916606
153607063.0,0.9571043445836622
153609001.0,0.9490935431031359
153609002.0,0.9501259981997587
153609003.0,0.950973783047389
153609004.0,0.950634474518672
153609005.0,0.9526205576150897
153609006.0,0.9491607801649787
153609007.0,0.9521476471832792
153609009.0,0.9530947649981049
153609010.0,0.9512985514315964
153609011.0,0.9529606880908361
153609012.0,0.9530859081429905
153609013.0,0.9515536127966744
153609014.0,0.9517284414908477
153609015.0,0.9512876074791222
153609016.0,0.9511493151470904
153609017.0,0.9521919556977907
153609018.0,0.9530419895301859
153609019.0,0.9493590996314579
153609020.0,0.9522626356420939
153609021.0,0.9527063896305932
153609022.0,0.952822391359339
153609023.0,0.9521511269281243
153609027.0,0.9527247576292904
153609029.0,0.9509378789613554
153609030.0,0.952513896601064
153609031.0,0.9530093665256609
153609032.0,0.9504164857956527
153609033.0,0.9522107404523881
153609034.0,0.9517583912052987
153609051.0,0.953159092740142
153609052.0,0.9513289187665542
153609053.0,0.953202303821452
153610003.0,0.9904889611389374
153610007.0,0.988966564920147
153610008.0,0.9877683255809914
153610009.0,0.9910843951052766
153610012.0,0.9909071735775357
153610017.0,0.9913384672977618
153610018.0,0.9845953434658438
153610019.0,0.9856466170329774
153610025.0,0.9850154939106943
153610026.0,0.9882903824587916
153610029.0,0.9849706790775968
153610030.0,0.9841237894905932
153610031.0,0.9866943436428388
153610032.0,0.989655245021587
153610033.0,0.9866127087019674
153610034.0,0.9887966003514697
153610035.0,0.9883683469026104
153610036.0,0.9832500847066371
153610037.0,0.9873672900175925
153610038.0,0.9874002263417876
153611003.0,0.9711657367298895
153611004.0,0.9708349577863474
153611008.0,0.9703930637802727
153611009.0,0.9768956617639112
153611011.0,0.9722021423265685
153611019.0,0.9721289474488604
153611020.0,0.9706772789568466
153611021.0,0.9702101436262507
153611026.0,0.9753082211559682
153611027.0,0.969953237059089
153611031.0,0.9722817119207378
153611035.0,0.9708767048525314
153611039.0,0.974031940831123
153611040.0,0.9723015483532231
153611041.0,0.9697236486382469
153611044.0,0.9704725041478844
153611046.0,0.9702277945702391
153611047.0,0.9700025489463612
153611052.0,0.9722999952256328
153611054.0,0.9714762267244124
153611055.0,0.9718874490646275
153611058.0,0.9708473680154631
153611065.0,0.9712038082877201
153611066.0,0.9748818739810944
153611070.0,0.9714501261115936
153611077.0,0.9716675901585253
153611078.0,0.9722096534492958
153611079.0,0.97177622483306
153611081.0,0.9695468794232904
153611082.0,0.9706303714425422
153611083.0,0.9713736548019296
153611085.0,0.9708428397095882
153611089.0,0.9712680427859095
153611091.0,0.9697281132886874
153611094.0,0.9721931825164513
153611096.0,0.9729153366280056
153611097.0,0.9715802014777585
153611098.0,0.9727346399363411
153612001.0,0.9575619697757318
153612008.0,0.9543788306607557
153612011.0,0.9567537344099231
153612012.0,0.9576251401377571
153612017.0,0.9583393350347548
153612018.0,0.9549446307438897
153612021.0,0.9558581767178366
153612024.0,0.9554293006188376
153612028.0,0.9569583830468716
153612029.0,0.9535173490161459
153612032.0,0.955670031239468
153612033.0,0.9541007624300661
153612034.0,0.9546373688317653
153612035.0,0.9534086447271407
153612038.0,0.9562424044505574
153612039.0,0.9516889140868715
153612043.0,0.9583189036608406
153612048.0,0.9541724244482727
153612050.0,0.9548298971698267
153612051.0,0.9537866087421967
153612052.0,0.956530256558178
153613001.0,0.956826141887123
153613003.0,0.9568558473151368
153613006.0,0.9581339475291306
153613007.0,0.9565735739257706
153613008.0,0.9554395585955161
153613010.0,0.9564540005842064
153613012.0,0.9567738836935321
153613013.0,0.9565371222439021
153613014.0,0.9555873614396926
153613015.0,0.9559012574438892
153613016.0,0.9561544573458428
153613017.0,0.9577003967502815
153613018.0,0.959913185184807
153613019.0,0.9560257570836223
153613021.0,0.9580021271693383
153613022.0,0.9571624884446264
153613023.0,0.95633912570671
153613024.0,0.9556574322594632
153613025.0,0.9571376324826475
153613026.0,0.9560356515755236
153613027.0,0.956036276563014
153613028.0,0.9593515521962954
153613029.0,0.9598641334980764
153613030.0,0.9580156310563245
153613031.0,0.9563353871301178
153613032.0,0.9573863739304798
153613033.0,0.955154772679553
153613034.0,0.9625960037242113
153613035.0,0.9612660923452633
153613036.0,0.9576845746063829
153613040.0,0.9571132567831987
153613041.0,0.9562486593345587
153613043.0,0.9563778172167118
153613044.0,0.9563749113423807
153613049.0,0.9566813834936618
153613050.0,0.9560289956961036
153613051.0,0.9551386680598674
153614003.0,0.952236053843626
153614004.0,0.9528902656031863
153614005.0,0.9545326723715273
153614006.0,0.9538977906820058
153614007.0,0.9529686022079752
153614008.0,0.9536553071827932
153614010.0,0.9545828585283825
153614011.0,0.95483275082864
153614012.0,0.9496894579643347
153614013.0,0.9539624035689527
153614014.0,0.9539386456743897
153614016.0,0.9517229722433449
153614017.0,0.9553228369067684
153614018.0,0.953377115187599
153614019.0,0.9542270369683649
153614020.0,0.9549115597053968
153614022.0,0.9506734567254962
153614023.0,0.9544045075396206
153614025.0,0.9542712592882356
153614027.0,0.9530321789463531
153614031.0,0.9548440197810758
153614032.0,0.953549946765427
153614033.0,0.9518661691575495
153614034.0,0.9545317363468938
153615003.0,0.933056554129794
153615004.0,0.9338025670383517
153615006.0,0.9322932794908819
153615017.0,0.9333597874631087
153615018.0,0.9326618179576763
153615019.0,0.9356081119404478
153615020.0,0.9326526350986097
153615021.0,0.9324436477321476
153615022.0,0.9321819595301423
153615023.0,0.9310818427246934
153615027.0,0.9396941259453307
153615028.0,0.934168344041937
153615029.0,0.93459715539035
153615034.0,0.9354229788941937
153615038.0,0.9315082663719578
153615043.0,0.9364260392081568
153615044.0,0.9317329941874106
153615047.0,0.9345397294890698
153615049.0,0.9355781354267065
153615053.0,0.932131378425582
153615059.0,0.9377624047459153
153615061.0,0.9368275425182218
153615063.0,0.9320835923131672
153615064.0,0.9319244270546908
153615066.0,0.9329515355191733
153615068.0,0.9326653587635588
153615070.0,0.9369038399697638
153615071.0,0.9385249464443868
153615072.0,0.9329937782650234
153615073.0,0.9347403570474145
153615074.0,0.9363220651615618
153615075.0,0.9342532192050412
153615078.0,0.935905420334855
153615079.0,0.9318094941024516
153615080.0,0.9325822498706682
153615081.0,0.9317537550062537
153615082.0,0.9326378255967214
153616001.0,0.9681504510339012
153616005.0,0.970514553331227
153616006.0,0.9751910931126132
153616009.0,0.9721901977602236
153616018.0,0.9717738657462361
153616022.0,0.9715690383300334
153616023.0,0.9690411267691644
153616025.0,0.9699006532415487
153616026.0,0.9748005534410167
153616035.0,0.9696145435960767
153616036.0,0.9741354269125158
153616039.0,0.9745663995777905
153616040.0,0.9701871066122134
153616044.0,0.9739311069623993
153616047.0,0.9686849368078114
153616051.0,0.9742304389032558
153616054.0,0.9744059625433605
153616055.0,0.9731064244790124
153616059.0,0.9679528588401424
153616061.0,0.9683246583345162
153616063.0,0.9738408386716099
153616071.0,0.9750603932863737
153616072.0,0.9737171016285823
153616083.0,0.9711029776785396
153616097.0,0.9728777758100204
153616102.0,0.9732940249591691
153616105.0,0.9705928543716918
153616106.0,0.9735858821574325
153616107.0,0.9693971672833249
153616108.0,0.9725936210154086
153616109.0,0.9713411143324322
153616110.0,0.9733236038892663
153616111.0,0.9738693871245541
153616112.0,0.9743583408835951
153617001.0,0.9789774082196425
153617003.0,0.9765506997628007
153617006.0,0.9748214880054444
153617007.0,0.9810986824365858
153617008.0,0.9779044035656586
153617009.0,0.9771149390599806
153617010.0,0.976441069693122
153617012.0,0.9787314237401123
153617013.0,0.9783850263648044
153617014.0,0.9788962979821291
153617015.0,0.9782802566912799
153617016.0,0.9794471311561335
153617017.0,0.9790840295037857
153617019.0,0.9784492806852281
153617021.0,0.9786493872500044
153617022.0,0.9776305380331515
153617023.0,0.9768812256898748
153617040.0,0.9820923620439449
153617042.0,0.9814541075220735
153617043.0,0.977540636717831
153617044.0,0.978362960730805
153617045.0,0.9774871379624394
153617046.0,0.9789492523191888
153617048.0,0.9776064089927616
153617049.0,0.9809263333080074
153617051.0,0.9781416777945282
153617052.0,0.9798492230009809
153617057.0,0.9780673897281698
153617058.0,0.9789503943137859
153617060.0,0.9765459631509499
153617062.0,0.9776604599314035
153617063.0,0.9775845456025174
153617064.0,0.9763786677709086
153617065.0,0.9834958209550267
153617066.0,0.9771189190915213
153617068.0,0.9789691382106245
153617069.0,0.9755867402278084
153617070.0,0.9775437267166304
153617071.0,0.977633306660398
153617072.0,0.9784403133810199
153617074.0,0.9798788370307967
153617075.0,0.9793412474964506
153617076.0,0.9779138993054887
153617077.0,0.9783719807038549
153617079.0,0.9770163219420225
153617080.0,0.977563477350586
153617083.0,0.977961304205976
153617085.0,0.9788827159692313
153617086.0,0.9787254605598013
153617089.0,0.9783842062924999
153617090.0,0.9783017092433977
153617097.0,0.9796235354454506
153617098.0,0.9790886161267434
153617099.0,0.9808686890000524
153617101.0,0.9759897863760576
153617103.0,0.9755707797982155
153617105.0,0.9814023224576628
153617107.0,0.9751417604450828
153617109.0,0.9777168432037551
153617110.0,0.9776720427714615
153617111.0,0.9778945629682412
153617112.0,0.9791588096358621
153617113.0,0.9796976265955732
153617116.0,0.977630355140406
153617117.0,0.9779176289365809
153617118.0,0.9781517187637052
153617119.0,0.9776864788883564
153617120.0,0.9778945474086469
153617123.0,0.9790836498201588
153617124.0,0.978132844111322
153617125.0,0.9803858356681449
153617126.0,0.9789441299763072
153617127.0,0.9782387219348504
153617129.0,0.9791264766439631
153617131.0,0.97900158097479
153617133.0,0.9763150678788677
153617134.0,0.9761736088516532
153617136.0,0.9775092566079814
153617137.0,0.9785815219787606
153617138.0,0.9775352136171249
153617139.0,0.9776918381525624
153617141.0,0.9777470370045777
153617142.0,0.9781355774136025
153617143.0,0.9802225366271126
153618001.0,0.9646562911525953
153618002.0,0.9662228706106856
153618003.0,0.9644685164763258
153618004.0,0.9654427423077616
153618005.0,0.9659093175564997
153618007.0,0.9633681138517273
153618008.0,0.9665193309631092
153618018.0,0.9672478046582698
153618023.0,0.9657201737779734
153618032.0,0.9645001701792715
153618034.0,0.9653670654436411
153618035.0,0.9656360134797091
153618039.0,0.9639611741813249
153618040.0,0.9650006340892323
153618041.0,0.9623521268484783
153618042.0,0.9634544264258841
153618043.0,0.9650890670999787
153618044.0,0.9638049508075082
153618045.0,0.9673349618557725
153618047.0,0.9657365840453056
153618052.0,0.9653581064443117
153618053.0,0.9659105391851416
153618055.0,0.9639306052315392
153618060.0,0.9640730164778303
153618061.0,0.9642234536436346
153618062.0,0.9651594421426494
153618069.0,0.9653080789984002
153618077.0,0.9648685023369348
153618082.0,0.9662721118019313
153618083.0,0.9644541244569921
153618085.0,0.9645203178466144
153618088.0,0.9639943523389851
153618089.0,0.965375073703732
153618090.0,0.9636130884043241
153618091.0,0.9661299603802765
153619002.0,0.9745952635253686
153619005.0,0.9755771324518482
153619006.0,0.975303503582117
153619007.0,0.9755449905563445
153619008.0,0.975040240726807
153619010.0,0.9743609531363204
153619011.0,0.974835708746065
153619013.0,0.974953489539579
153619014.0,0.975854792419382
153619015.0,0.9753740754118759
153619016.0,0.9772371588093511
153619018.0,0.9764722950737841
153619019.0,0.9765136132250757
153619022.0,0.9764153649854492
153619024.0,0.9762394148393998
153619026.0,0.9766758601390911
153619027.0,0.9747172526847568
153619028.0,0.9755187632503769
153619030.0,0.9751572646015044
153619033.0,0.9757749450820408
153619034.0,0.9741087360024357
153619035.0,0.9746303167171081
153619037.0,0.9754607489430906
153619038.0,0.9753044503444867
153619039.0,0.9760038952914659
153619043.0,0.9750397539884706
153620001.0,0.951536497355336
153620005.0,0.9521903023560246
153620006.0,0.9497885542608592
153620011.0,0.9510881164781426
153620015.0,0.948417409548175
153620019.0,0.9487736793013138
153620020.0,0.9494399038815354
153620029.0,0.9499963158987633
153620030.0,0.9500730829972389
153620034.0,0.9475864567454675
153620035.0,0.9466392890333026
153620037.0,0.9503847976393703
153620041.0,0.9498143730293133
153620042.0,0.9505450751590135
153620045.0,0.947029027740642
153620046.0,0.9506221233711212
153620054.0,0.9491979583460841
153620057.0,0.9445367624355522
153621001.0,0.9730968227602054
153621002.0,0.9716859903332625
153621003.0,0.9706046031396549
153621004.0,0.9672737929989186
153621005.0,0.9723280903894075
153621006.0,0.975587783946647
153621007.0,0.9723642607577375
153621008.0,0.9729647916998375
153621009.0,0.9765352147828311
153621010.0,0.9736053947135986
153621011.0,0.9682561956841009
153621012.0,0.9710469065451534
153621013.0,0.9746142857725933
153621014.0,0.9657877465304389
153621015.0,0.9649372558943138
153621017.0,0.9724098882451679
153621018.0,0.9716851621381383
153621020.0,0.9736405532788368
153621021.0,0.9695600543123748
153621022.0,0.9700619968525303
153621023.0,0.9728800324712232
153621024.0,0.9739847380528566
153621025.0,0.9687010600590675
153621026.0,0.9713156671768703
153621028.0,0.9747198013608576
153621029.0,0.975593106787633
153621030.0,0.9705209896561516
153621031.0,0.9702144243496715
153621032.0,0.9752344506706472
153621033.0,0.969897503005328
153621034.0,0.9698877548329127
153621035.0,0.9673936883737622
153621036.0,0.9688181657892863
153621037.0,0.9715402958703154
153621038.0,0.9668629655761378
153621039.0,0.9753656602298775
153621040.0,0.9739904958794346
153622001.0,0.9680759429075265
153622002.0,0.9685224283974609
153622004.0,0.968491475110288
153622006.0,0.9675374520403928
153622007.0,0.9675095971924838
153622008.0,0.9664941233485591
153622011.0,0.9682241371647894
153622012.0,0.9695809970670312
153622013.0,0.9668108426020005
153622014.0,0.9680573934446708
153622015.0,0.9691538353288773
153622018.0,0.9683585606905891
153622019.0,0.9691220488807498
153622020.0,0.9686770742902918
153622024.0,0.9693346985739635
153622026.0,0.9677476657022835
153622027.0,0.968558205023988
153622030.0,0.9681896742269772
153622034.0,0.967985428283635
153622035.0,0.9668824241861507
153622036.0,0.9691263153294826
153622037.0,0.9677605705414861
153622041.0,0.96784002594045
153622042.0,0.9679096946030866
153622043.0,0.9674723248165662
153623001.0,0.9497583131945838
153623002.0,0.9498781733061548
153623003.0,0.9485381625325673
153623005.0,0.9509864947808614
153623006.0,0.9487441064336071
153623008.0,0.94923065356066
153623012.0,0.9481656473290342
153623013.0,0.9445797004417447
153623014.0,0.9501992314784399
153623015.0,0.9487828322170382
153623018.0,0.9514148997590838
153623022.0,0.9475812416112515
153623023.0,0.9503762216676758
153623024.0,0.9506012845885607
153623025.0,0.9506922504222854
153623026.0,0.948718504512257
153623030.0,0.9458642469907961
153623031.0,0.9503373825233625
153623033.0,0.9513900195979641
153623034.0,0.9499569494840452
153623035.0,0.9479250543426062
153623036.0,0.9495489059652131
153623037.0,0.947495048864793
153624001.0,0.9800139894582794
153624006.0,0.9823592709432276
153624009.0,0.9804653289563843
153624012.0,0.97891875860332
153624013.0,0.9786171660381026
153624014.0,0.9786249660169145
153624016.0,0.9806617817227379
153624024.0,0.9792693331263048
153624027.0,0.9797569543538612
153624028.0,0.9786153915029554
153624030.0,0.9784661055849766
153624032.0,0.9785778206360981
153624033.0,0.9805000490073236
153624038.0,0.9806406271396519
153624042.0,0.9797738581699746
153624045.0,0.9820668709215471
153624048.0,0.9803576049507121
153624054.0,0.979717252039778
153624055.0,0.9788257364891005
153624057.0,0.9793544132117811
153624058.0,0.980682968099579
153624064.0,0.9799891272102637
153624070.0,0.9784336793432036
153624077.0,0.9798135132490732
153624078.0,0.9790130186552013
153624079.0,0.9799904067204702
153624081.0,0.9801329555757393
153624082.0,0.9794258838131553
153624086.0,0.980051493729888
153624087.0,0.979431679870005
153624091.0,0.9804604218071515
153624092.0,0.9795328833755919
153624093.0,0.9801704444666807
153624094.0,0.9825654750165655
153624095.0,0.9819695499925866
153625001.0,0.9763255243290747
153625002.0,0.9772419783025601
153625004.0,0.9802008945337233
153625005.0,0.9771590466129405
153625006.0,0.9770905763565164
153625007.0,0.9775634843929046
153625008.0,0.9788771609715635
153625009.0,0.9779769201275818
153625010.0,0.9765206515038072
153625012.0,0.9767952448395384
153625013.0,0.980470214375345
153625015.0,0.9800638806608707
153625018.0,0.9786835241828316
153625019.0,0.9787621205974366
153625020.0,0.9779467867255126
153625021.0,0.979695125661397
153625022.0,0.9792995560874462
153625023.0,0.9780614975981595
153625025.0,0.9767113374456601
153625026.0,0.9779255181888601
153625027.0,0.9783298803654659
153625028.0,0.9791996395902803
153625029.0,0.9782548984809659
153625030.0,0.9801723989199141
153625031.0,0.9795133586503626
153625032.0,0.9797841426042333
153625033.0,0.979234441880222
153625035.0,0.9801178259438283
153625036.0,0.9811592496799517
153625037.0,0.9789324763183291
153626001.0,0.9713759582239421
153626002.0,0.9686108767140442
153626004.0,0.9695215311123067
153626007.0,0.9694640636115086
153626008.0,0.9707838561392087
153626009.0,0.9709442121541905
153626010.0,0.9695588364286069
153626011.0,0.968969267620454
153626012.0,0.9689554592479336
153626013.0,0.9691498754811951
153626014.0,0.9692843457353858
153626015.0,0.968826974554898
153626016.0,0.9698193166939222
153626019.0,0.9705538098079279
153626020.0,0.9691380112751158
153626021.0,0.9701238894521805
153626022.0,0.9688404191070689
153626024.0,0.9690620088644286
153626027.0,0.9697842027668724
153626030.0,0.9692492942366671
153626032.0,0.9700663341283183
153626034.0,0.9704142235154862
153626037.0,0.9699580264811717
153626038.0,0.9702007209039577
153626039.0,0.9702324825104887
153626040.0,0.9699805859103028
153626041.0,0.9690063667812923
153626042.0,0.9712931082241345
153626043.0,0.971259141303925
153626046.0,0.9697264550761657
153626047.0,0.9701283191281668
153626049.0,0.9711976621184233
153626050.0,0.9701868395900014
153626052.0,0.9701349390037465
153626054.0,0.9706093587419738
153626058.0,0.969990450289007
153626062.0,0.968808135507096
153626064.0,0.9708185267218518
153626065.0,0.9706236590503858
153626067.0,0.9697545707928332
153626077.0,0.9704733355544564
153626078.0,0.9694262181399387
153626079.0,0.9691494402383046
153626080.0,0.9694552169867108
153627003.0,0.9722995803324503
153627006.0,0.9716695883668358
153627007.0,0.971723809138804
153627008.0,0.9724992933313757
153627009.0,0.9719255883083042
153627010.0,0.9722888422800394
153627011.0,0.9721500379588425
153627012.0,0.9718945865517722
153627013.0,0.9728755511871232
153627014.0,0.9723313317481159
153627016.0,0.9714581664983286
153627017.0,0.9718123974110507
153627018.0,0.9723860230074497
153627019.0,0.971752489285321
153627021.0,0.9724679295364821
153627022.0,0.9732017696584315
153627024.0,0.9716432668872549
153627028.0,0.9722619971714189
153627029.0,0.9729662917196334
153627035.0,0.9720585777740862
153627036.0,0.9730781314741469
153627037.0,0.972323307797931
153627038.0,0.9723202944464265
153627042.0,0.9720451637594321
153627043.0,0.9723715111026614
153627046.0,0.9718782398908118
153627047.0,0.9718362463655569
153627049.0,0.9716149108906751
153627050.0,0.9725094680081097
153627051.0,0.9723220211873653
153627053.0,0.9737866850955723
153627055.0,0.9733332745414309
153627056.0,0.9715080269923368
153627057.0,0.9730197225915258
153627058.0,0.9725276473666501
153627060.0,0.9735390310908326
153627061.0,0.9732626328349664
153627062.0,0.9722827479244347
153627063.0,0.9716368641355198
153627064.0,0.972012164599887
153627069.0,0.9719557003856505
153627070.0,0.9722858020917059
153627071.0,0.9727267706127438
153628001.0,0.950199667511585
153628006.0,0.9488612009137097
153628009.0,0.9513521028632379
153628012.0,0.950506955103136
153628015.0,0.9515663519839127
153628016.0,0.947734436879444
153628017.0,0.9489568058393819
153628023.0,0.9509108409007783
153628030.0,0.9511901538273306
153628031.0,0.9491771972504148
153628033.0,0.948533261370807
153628036.0,0.9517562464097554
153628037.0,0.9488480716823894
153628038.0,0.9496170789328955
153628039.0,0.9510802968519462
153628040.0,0.9514752104076067
153628041.0,0.9481597330544328
153628042.0,0.9464604950836986
153628043.0,0.947421746681856
153628046.0,0.9498557016120827
153628047.0,0.9503857590659011
153629001.0,0.9622197209619315
153629004.0,0.9609128429958155
153629005.0,0.9601819496719204
153629006.0,0.9607480554081653
153629010.0,0.9626074155888186
153629011.0,0.961903734622139
153629012.0,0.9610918471746643
153629014.0,0.9624118147865858
153629016.0,0.9615516961228365
153629017.0,0.9618055142143677
153629019.0,0.9612110684212528
153629021.0,0.9626481961784269
153629022.0,0.9619797055891206
153629025.0,0.9614450193287929
153629026.0,0.9605533725333387
153629027.0,0.9628446024298966
153629028.0,0.9613295153714069
153629030.0,0.9619375658024267
153629031.0,0.9620876834545686
153629034.0,0.96156770564474
153629036.0,0.9612304936039828
153629037.0,0.9618059935100337
153629038.0,0.962144593854606
153630001.0,0.973554494027876
153630002.0,0.9793195229713634
153630003.0,0.977532651355067
153630006.0,0.9804983644465602
153630007.0,0.9737065232064039
153630009.0,0.9747204365609325
153630010.0,0.9774305606599938
153630011.0,0.9758931490503392
153630012.0,0.9765033927848614
153630014.0,0.9767061462812682
153630016.0,0.9758016987850665
153630017.0,0.9693737235368777
153630019.0,0.9734569666418977
153630021.0,0.9826933367092896
153630022.0,0.982085551104698
153630025.0,0.9788544454559093
153630026.0,0.9759839897914259
153630029.0,0.9757335032655846
153630030.0,0.9802559603095528
153630031.0,0.9777942602399028
153630033.0,0.9765991316296714
153630034.0,0.9809454088554584
153630035.0,0.97721197803405
153630036.0,0.9729114962808459
153630038.0,0.9801290689879394
153630042.0,0.9753969522434974
153631001.0,0.9462093106537969
153631002.0,0.9428710418040274
153631004.0,0.9374027364397424
153631005.0,0.9452254545143639
153631006.0,0.942622201526079
153631008.0,0.9419801683884752
153631027.0,0.9366171323135779
153631028.0,0.9388507655058085
153631029.0,0.939535845811129
153631031.0,0.9398556928408749
153631032.0,0.9368863741142649
153632004.0,0.9443175826120456
153632008.0,0.9447273719935462
153632015.0,0.941462443972929
153632018.0,0.9427338032346245
153632019.0,0.9424071007903481
153632031.0,0.9437013764020318
153632038.0,0.9412271491502134
153632041.0,0.9404443375238063
153632042.0,0.9424832107534394
153632043.0,0.9457964577020742
153632044.0,0.9400818564088829
153632048.0,0.9396526878394669
153632050.0,0.9436673558269446
153632052.0,0.9414443021354301
153632054.0,0.9455225566210673
153632055.0,0.938940696202708
153632056.0,0.9442542251143703
153633001.0,0.9787882586856249
153633003.0,0.9814739519417758
153633005.0,0.9791702574211262
153633006.0,0.9795667769969149
153633007.0,0.9802007242986165
153633008.0,0.9793021462932099
153633009.0,0.9807692055481868
153633010.0,0.9791998163944794
153633011.0,0.9780656172611553
153633013.0,0.9798919437771567
153633014.0,0.9798645063131455
153633015.0,0.9802052399054755
153633017.0,0.9794511444780829
153633018.0,0.9796229195779015
153633019.0,0.9787038966570801
153633020.0,0.9787257917621206
153633021.0,0.980846701896982
153633022.0,0.9785098215395691
153633023.0,0.9809621970381703
153633025.0,0.9793721162588548
153633026.0,0.97840281725605
153633029.0,0.9807804368142969
153633030.0,0.9790582193383491
153633031.0,0.9785330919055448
153633033.0,0.9812345916712278
153633035.0,0.9792877418438366
153633037.0,0.979407191084668
153633038.0,0.9794841509788215
153633039.0,0.9790877835069545
153633040.0,0.9796845640497859
153633042.0,0.979757085484803
153633043.0,0.9790292199606365
153633044.0,0.9812620278828962
153634001.0,0.9728627695834524
153634003.0,0.9730422949983567
153634004.0,0.9734367560869301
153634005.0,0.9736065924870272
153634006.0,0.9745939590929232
153634007.0,0.9732451805222724
153634008.0,0.984697985353745
153634009.0,0.9722420699728367
153634011.0,0.973775213253559
153634013.0,0.9747688454000372
153634014.0,0.9720833352989154
153634015.0,0.9740511646612723
153634016.0,0.974494753763133
153634019.0,0.9734846614743292
153634020.0,0.9838502329344123
153634024.0,0.9792426696103699
153634025.0,0.9752051683960091
153634028.0,0.9728035701415455
153634030.0,0.973572501144496
153634031.0,0.9734405294379294
153634032.0,0.9751516327614878
153635004.0,0.937901193798835
153635007.0,0.9330323058869945
153635009.0,0.9357765182108634
153635015.0,0.9346205543280046
153635016.0,0.9356287469253918
153635024.0,0.933767789635753
153635028.0,0.9316907159134555
153635029.0,0.9336861757607057
153635035.0,0.9343615789152877
153635037.0,0.9303351638075196
153635041.0,0.9341946364835806
153635042.0,0.9350641048455012
153635043.0,0.9342245014847673
153635049.0,0.9376366627355629
153635050.0,0.9344927824424939
153635052.0,0.9321407126397763
153635053.0,0.9336699103757199
153635054.0,0.9400127651214077
153635061.0,0.936802054423617
153636004.0,0.9587420263970992
153636005.0,0.9619862084547028
153636007.0,0.9578598737357903
153636008.0,0.9594412105712516
153636009.0,0.9600806614766777
153636010.0,0.9603168030316623
153636012.0,0.9590821295127093
153636013.0,0.959762424836088
153636014.0,0.9587232718638132
153636015.0,0.9604542545678866
153636017.0,0.9600632633514595
153636018.0,0.9610662783529784
153636019.0,0.9576978204426925
153636020.0,0.9582550248754484
153636022.0,0.9574973573715173
153636023.0,0.9593131260339353
153636025.0,0.9592723420749769
153636026.0,0.9587785555594839
153810014.0,0.9296280580915623
153810015.0,0.9337898369601824
153810017.0,0.9339418762902504
153810021.0,0.930277897187427
153810025.0,0.9317129665348787
153811008.0,0.9292892218679861
153811009.0,0.9298470308966126
153811010.0,0.9263496377051303
153811012.0,0.9228813057449721
153811013.0,0.9076275402776504
153811014.0,0.9098538413126642
153811015.0,0.925948296229162
153811016.0,0.9279883739332587
153819012.0,0.9148887423910363
153819013.0,0.9182113569545435
153819015.0,0.9155286431975701
153819016.0,0.9142895121391008
153819017.0,0.9137054765467307
153819018.0,0.9139538233817597
153819020.0,0.9180626701991003
153819021.0,0.9159894438070122
153819022.0,0.9146864678070614
153820001.0,0.9108938884857056
153820002.0,0.9100528396436357
153820003.0,0.910646338505853
153820004.0,0.9118935339619137
153820006.0,0.9109473334574124
153820007.0,0.9096590674898909
153820009.0,0.9110200381551045
153820010.0,0.9070097305927598
153820011.0,0.9051759218008889
153820013.0,0.9097050898441194
153820014.0,0.9094561437607582
153820016.0,0.9090627385180684
153820017.0,0.9082070862454251
153820018.0,0.9085699753820079
153821002.0,0.9064304311582694
153821003.0,0.9090907530847029
153636030.0,0.9617778585773933
153636033.0,0.9585852407373844
153636035.0,0.9612147288030457
153636036.0,0.9596940382031539
153637001.0,0.9837055113411641
153637002.0,0.9751056114044405
153637003.0,0.9792313470523683
153637005.0,0.9849336759319999
153637006.0,0.9842513910612002
153637008.0,0.9841555304210212
153637009.0,0.9674623960696878
153637010.0,0.9858476988308538
153637012.0,0.9828825550616576
153637013.0,0.9803598436961326
153637014.0,0.985814426334205
153637015.0,0.9734934092981695
153637016.0,0.9843963600114346
153637017.0,0.9806714955982101
153637018.0,0.9826954959204918
153637019.0,0.9688612882472333
153637021.0,0.9797200913236569
153638002.0,0.996626853647388
153638004.0,0.9973462611757846
153638005.0,0.9908531624428865
153638006.0,0.9987442471321267
153638007.0,0.9952106498301242
153638009.0,1.0
153638012.0,0.9905505668756578
153638013.0,0.9941873419291097
153638015.0,0.9902605799805799
153638017.0,0.9902232516363901
153638018.0,0.9955091300638135
153638024.0,0.9959828790619334
153638025.0,0.9928849343993517
153638026.0,0.9970128822681992
153638027.0,0.994692416963529
153638029.0,0.9932137131394828
153638030.0,0.9904336094884296
153638041.0,0.9914584949687948
153638042.0,0.9935901592730599
153639001.0,0.9276147161879202
153639002.0,0.9288463090627421
153639003.0,0.9304692643221107
153639004.0,0.9383087664922134
153639005.0,0.9357488587314604
153639006.0,0.9344617101248525
153639007.0,0.9331103957367851
153639008.0,0.9253381327319403
153639009.0,0.9264150263717481
153639010.0,0.9344004905582951
153639011.0,0.9325104716205296
153639012.0,0.9271614255948827
153639013.0,0.929766861889267
153639014.0,0.9367439341413574
153639015.0,0.9351879708637422
153640001.0,0.9565367181312953
153640002.0,0.9508608436189926
153640003.0,0.9548285149421353
153640004.0,0.9567379953156743
153640005.0,0.9524521854727214
153640006.0,0.9563318727795916
153640007.0,0.9555252524825805
153641001.0,0.9522216705456429
153641002.0,0.9527777053424795
153641003.0,0.952336171893351
153641004.0,0.9500691186481138
153641005.0,0.9530420510653379
153641006.0,0.9533604753107807
153641007.0,0.9522946454519658
153641008.0,0.9517224007874071
153641009.0,0.9537071809624725
153801004.0,0.8987575755875791
153801011.0,0.9030745506136
153801012.0,0.893783143771222
153801014.0,0.9009492507236867
153801015.0,0.8954287177994474
153801018.0,0.9016963190182563
153801022.0,0.8986053709184477
153801028.0,0.8916911143412574
153801031.0,0.890451124430271
153801032.0,0.886886930192895
153801035.0,0.8927822916195425
153802001.0,0.9360848682371239
153802002.0,0.9333817140994661
153802005.0,0.9403175933294636
153802007.0,0.9450607376577349
153802008.0,0.951081718352269
153802009.0,0.9390598399411141
153802011.0,0.9391998868352555
153802012.0,0.9451411261571621
153802017.0,0.9428202788106839
153802018.0,0.9486747266915582
153802020.0,0.9462341388405721
153802021.0,0.9380312131457784
153802022.0,0.9544720078402461
153802023.0,0.9521835724377272
153802025.0,0.9440950075528007
153803008.0,0.9148593233241635
153803023.0,0.9127459733712349
153803030.0,0.9103832623982386
153803039.0,0.9118122513583997
153803040.0,0.9106928683833597
153803045.0,0.9073484329992855
153803054.0,0.9150580447894353
153805001.0,0.918856693625667
153805003.0,0.9238449379429362
153805004.0,0.9204222514328448
153805006.0,0.9195533280155247
153805007.0,0.918205680263942
153805008.0,0.9216424360658617
153805010.0,0.9185041374636069
153805011.0,0.921563047814726
153805013.0,0.9216562566140287
153805014.0,0.924106260329735
153805015.0,0.9191817786901675
153805016.0,0.9207483512915563
153805017.0,0.9258017552590097
153805018.0,0.9205124961448036
153805019.0,0.9219784090108951
153805020.0,0.9251007244691541
153805021.0,0.918354140997227
153805022.0,0.9225346865609418
153805023.0,0.9180467359278642
153805024.0,0.9180166377148113
153805025.0,0.9228395262543762
153805026.0,0.9192082423016559
153805027.0,0.9219244922972853
153806001.0,0.9134115841357325
153806002.0,0.9140115211291786
153806005.0,0.9139420503517388
153806006.0,0.9140742975551736
153806008.0,0.9143416921212243
153806010.0,0.9131062784363139
153806011.0,0.9149482840261444
153806015.0,0.9140388588453878
153806021.0,0.9133014465863588
153806025.0,0.9133844982342793
153806028.0,0.914130180295822
153806029.0,0.9133351462699367
153806030.0,0.9141735224761924
153806034.0,0.9151821512297055
153806035.0,0.9162267272926373
153806039.0,0.9151464639941588
153807001.0,0.9067688349802361
153807002.0,0.906823992303758
153807003.0,0.8988924634416848
153807004.0,0.9009975738277392
153807005.0,0.9079126452374332
153807006.0,0.901902663256626
153807007.0,0.9100018216610416
153807008.0,0.9073319274690099
153807009.0,0.9067747309055396
153807010.0,0.9091012278909559
153807011.0,0.9050479941177597
153807013.0,0.9028647676929641
153807014.0,0.904934525363562
153807015.0,0.9100254121860641
153807017.0,0.9096083570907011
153807018.0,0.8977214036987614
153807019.0,0.9053869033091722
153807020.0,0.8968657683361133
153807021.0,0.904641687914241
153807022.0,0.9011818801739894
153807023.0,0.9040159903068496
153807024.0,0.9094631426824784
153807025.0,0.9023091273952315
153807026.0,0.9034665586020677
153807027.0,0.9085110031426735
153807028.0,0.9084890850915246
153807029.0,0.9005025947984073
153807030.0,0.9014594820100731
153807031.0,0.9093809164957634
153807032.0,0.908729208692028
153807033.0,0.9096428269393073
153807034.0,0.8948734397907332
153807035.0,0.9089968755573753
153807036.0,0.8969375116908094
153808002.0,0.9021883105223247
153808004.0,0.9051574507620815
153808011.0,0.9015907749486176
153808012.0,0.8984979798662133
153808013.0,0.9032789190339486
153808023.0,0.9039919459215572
153808034.0,0.8995998084847296
153808037.0,0.8995316826285991
153808038.0,0.9024272287542209
153808039.0,0.901712452079828
153808040.0,0.906691267510104
153808046.0,0.899359872031632
153808047.0,0.8997068344955589
153809001.0,0.9388563209675012
153809002.0,0.9330284120525325
153809003.0,0.9350375865974522
153809004.0,0.932693994951809
153809005.0,0.9281573814949153
153809007.0,0.9300884528135477
153809008.0,0.9353982538964415
153809009.0,0.9372253301678647
153810001.0,0.9285202637522562
153810004.0,0.9266296883233834
153810006.0,0.931093774788772
153810008.0,0.9316987814978599
153810009.0,0.9301120622637663
153810010.0,0.9230995548104293
153810013.0,0.9383270185361557
153811017.0,0.9269194549644754
153811018.0,0.9310962729904804
153811019.0,0.9317456793805299
153811020.0,0.9272209346696163
153811021.0,0.9213126590322341
153811023.0,0.912774758987764
153811024.0,0.9143674397717981
153811025.0,0.9303951680788677
153811026.0,0.9289842996989995
153811027.0,0.9086158718094343
153811028.0,0.9274695730968665
153811029.0,0.9275968449005396
153811030.0,0.9303318144409874
153811031.0,0.9271445107006369
153811032.0,0.911584197733763
153811033.0,0.9114576892761419
153811034.0,0.9268489331935593
153812001.0,0.9232849850644596
153812003.0,0.919296837115656
153812004.0,0.915654727209634
153812006.0,0.9158344798722151
153812007.0,0.9153026746833153
153812009.0,0.9156307943458806
153812010.0,0.92148845333848
153812012.0,0.9201157508198144
153812013.0,0.9238897871431986
153812014.0,0.9174155305443283
153812015.0,0.9158784504305514
153812016.0,0.9142291915276481
153812017.0,0.9165888099139936
153812018.0,0.9156258368728059
153812019.0,0.916086175893461
153812020.0,0.9145482781349159
153812023.0,0.9217193346201598
153812024.0,0.9168664736369386
153812026.0,0.916562431300378
153812027.0,0.918438355132772
153812028.0,0.9141961426654487
153812029.0,0.9282943386618203
153812030.0,0.9167134812393054
153812031.0,0.9146142325448424
153812033.0,0.9255827550881817
153812034.0,0.9275361472762422
153812035.0,0.9192996402590734
153812036.0,0.9230163720069376
153812037.0,0.9192306374879662
153812038.0,0.9184026455500766
153812039.0,0.9299824078727643
153812040.0,0.9177419819307545
153812041.0,0.9188902537572605
153812042.0,0.9157953844518443
153812043.0,0.9174946556666864
153812044.0,0.9175261014048628
153812051.0,0.9167311239557597
153812052.0,0.9202653915434695
153812053.0,0.917942807398798
153813001.0,0.9180677416640822
153813003.0,0.9110931982849599
153813004.0,0.9152886549826545
153813006.0,0.9177804366240513
153813008.0,0.9136419355194191
153813013.0,0.9132994751000569
153813015.0,0.9165870066444639
153813021.0,0.915770559300339
153813028.0,0.9174104909376127
153813045.0,0.9177524893462033
153813046.0,0.9149184662283014
153813050.0,0.9085241731572722
153814001.0,0.9137644074028686
153814003.0,0.9132977953109648
153814005.0,0.915465895380497
153814006.0,0.9159034224299758
153814008.0,0.915210384244815
153814009.0,0.9122781962376972
153814011.0,0.9133935278758386
153814012.0,0.9147084587030783
153814013.0,0.9151565697940087
153814014.0,0.9161298042780929
153814015.0,0.9138810087829539
153814016.0,0.913664066450977
153814017.0,0.9145477246579298
153814018.0,0.915002345651556
153814019.0,0.9123750963319808
153814026.0,0.9118326342693479
153814028.0,0.9123843075582498
153815002.0,0.8908341559919358
153815003.0,0.8842052498493356
153815004.0,0.8940439020520448
153815005.0,0.8940178998456171
153815006.0,0.8932476250626293
153815008.0,0.8889566257404896
153815009.0,0.8877853495943868
153815010.0,0.8924776777946115
153815012.0,0.8970270988828297
153815013.0,0.9000867758835691
153815014.0,0.8908588596349114
153815017.0,0.8892599263606793
153815022.0,0.8959185560881496
153815023.0,0.8894508627580094
153815025.0,0.8932185374815687
153815028.0,0.879574513810419
153815029.0,0.8786525837601942
153815030.0,0.885927709185149
153815031.0,0.8890885272033284
153815032.0,0.8753508939070173
153815034.0,0.8724587756714094
153815036.0,0.8937245115789064
153815042.0,0.8973761885860445
153816005.0,0.8910643242175804
153816007.0,0.9090009346489933
153816008.0,0.8888233220775278
153816009.0,0.8952283342589492
153816013.0,0.9085892282797758
153816014.0,0.897977573781611
153816018.0,0.8919265253181275
153816019.0,0.9097348680386461
153816025.0,0.8951863810023319
153816028.0,0.9067154286528425
153816032.0,0.905034432131348
153816033.0,0.9020249185866914
153816035.0,0.8966496316209712
153816036.0,0.9029734640096424
153816038.0,0.9004020780112649
153817001.0,0.8755401474209905
153817002.0,0.8923626057721163
153817003.0,0.8875735821223212
153817004.0,0.8860865018826729
153817005.0,0.8885521090637183
153817006.0,0.8902199000161902
153817007.0,0.8847870504355565
153817008.0,0.8845039590040716
153817009.0,0.8813766403129708
153817010.0,0.8809427015292267
153817011.0,0.8811434192883365
153818001.0,0.9385032464128229
153818002.0,0.9360030958088289
153818003.0,0.9317706698489493
153818004.0,0.9345399001598748
153818005.0,0.9337268480999436
153818006.0,0.9375686760127102
153818007.0,0.9309323020982989
153818008.0,0.9451829755545224
153818009.0,0.9346560254741829
153818011.0,0.9420731315039523
153818012.0,0.9324046675585546
153818013.0,0.9403252475010888
153818014.0,0.932494505732151
153819001.0,0.9194216663830457
153819002.0,0.9211814145199139
153819005.0,0.9154465075426996
153819006.0,0.9141954947918733
153819007.0,0.9168249761845932
153819008.0,0.917244797299344
153819009.0,0.9168469811807292
153819010.0,0.9128731147932236
153819011.0,0.917892453301535
153821004.0,0.9059766568217584
153821005.0,0.9096345594988073
153821006.0,0.9050797432892684
153821007.0,0.9058768297908958
153821008.0,0.9079167313083739
153821011.0,0.9107999250010205
153821012.0,0.9071891428980058
153822001.0,0.9364657500800166
153822002.0,0.9397082882128994
153822003.0,0.9332762883097921
153822004.0,0.9320975822288482
153822005.0,0.9412866939237322
153822006.0,0.9398649458387337
153822007.0,0.9390523507667096
153822008.0,0.938044299331905
153822009.0,0.9362616935399929
153822010.0,0.9287368634492332
153822011.0,0.9356035795822335
153823001.0,0.9189503552582091
153823002.0,0.9146913627196304
153823003.0,0.9161185454063286
153823004.0,0.9163727027060364
153823005.0,0.9137988823684801
153823006.0,0.9125247848740836
153823007.0,0.9122055357821218
153823008.0,0.9169257741520535
153824001.0,0.9236590871122246
153824002.0,0.9205016822270635
153824003.0,0.9255386706977778
153824004.0,0.9202578951933862
153824005.0,0.9191684598958861
153824006.0,0.9207622516611488
153824007.0,0.9191993511341257
153824008.0,0.9188922356673191
153824009.0,0.9182859295544887
153824010.0,0.9221393966789373
153824011.0,0.9222163720357145
153824012.0,0.9188111620000582
153824013.0,0.920559597863586
153825001.0,0.8967716504104752
153825002.0,0.90200154968297
153825003.0,0.8922804831633672
153825004.0,0.9078481624208852
153825005.0,0.8984026523157715
153825006.0,0.899736967690818
153825007.0,0.9029957188477985
153825008.0,0.9087401715419395
153825009.0,0.9013626340355897
153825010.0,0.9060913977506719
153825011.0,0.9042776552216113
153826002.0,0.9076721628082137
153826003.0,0.9075988817370061
153826005.0,0.908462744610489
153826007.0,0.9012739195483588
153826008.0,0.9058646308729418
153826009.0,0.9058505378437485
153826010.0,0.9092499729770509
153826013.0,0.9035248692575288
153827001.0,0.8943202844457546
153827002.0,0.9030744060442195
153827003.0,0.8943265879317729
153827004.0,0.9011564775408616
153827005.0,0.904330805878825
153827006.0,0.900932345672189
153827008.0,0.8974084275478231
153827010.0,0.8929972341350975
153828001.0,0.8992900999678023
153828002.0,0.9065819091233579
153828003.0,0.9010104148249912
153828004.0,0.9056643905691115
153828005.0,0.9051097394667732
153828006.0,0.8960149416320938
153828007.0,0.901561940069874
153828008.0,0.9025835995762441
153828009.0,0.8938265908723424
153828010.0,0.9032883275926307
153829001.0,0.9090856014658141
153829002.0,0.9143214212707925
153829003.0,0.9070652920952292
153829004.0,0.9101472681041081
153829005.0,0.9113168219127196
153829006.0,0.9105222080077343
153829007.0,0.9136973116442083
153829008.0,0.911519384149617
153829009.0,0.9083626133775574
153829010.0,0.9091546393412052
153829011.0,0.9134267541172774
153830001.0,0.8723473202451735
153830002.0,0.8668768658557054
153830003.0,0.865203298050363
153830004.0,0.8919654542580151
153830005.0,0.8687996101809924
153830006.0,0.8775560213628254
153830007.0,0.8860158488269244
153830008.0,0.8681724662412467
153830009.0,0.8648904772535054
153830010.0,0.8690809931303916
153830011.0,0.875362872705783
153830012.0,0.8817561929524362
153830013.0,0.8888317823974493
153831001.0,0.9038477181409059
153831002.0,0.9005194574652233
153831003.0,0.9032884844190252
153831004.0,0.9023286718812789
153831005.0,0.9088075511256518
153831006.0,0.9110098652479627
153831007.0,0.9054700218650479
153832001.0,0.9144790584095699
153832002.0,0.9142592318982661
153832003.0,0.9052032483125979
153832004.0,0.9118952236656329
153832005.0,0.9067811884619513
153832006.0,0.9137812982064665
153832007.0,0.9079278944255809
153832008.0,0.9077122805925133
153833001.0,0.9161923408387733
153833002.0,0.9172061706423201
153833003.0,0.9117803395267822
153833004.0,0.9177452906538388
153833005.0,0.9149528855880456
153833006.0,0.9123031594242095
153833007.0,0.9147506078399835
153833008.0,0.9139048210101786
153834001.0,0.9181047511235092
153834002.0,0.9225311578042501
153834003.0,0.9257629385003895
153834004.0,0.9181313819632223
153834005.0,0.9225630441324179
153834006.0,0.9183831007730718
153834007.0,0.9159241851272723
153834008.0,0.9183094785532581
153834009.0,0.9259728072093009
153834010.0,0.9221678696617133
153834011.0,0.917965553689088
153835001.0,0.8975961709717859
153835002.0,0.8998604119905277
153835003.0,0.8982914939080112
153835004.0,0.8975150164590745
153835005.0,0.89603566591498
153835006.0,0.8953139635288683
153835007.0,0.8992831631676791
153835008.0,0.8953969298653619
153835009.0,0.8968528578403385
153835010.0,0.8933195933395199
153835011.0,0.8910525388220394
153836001.0,0.9112741371089556
153836002.0,0.9102197765663479
153836003.0,0.9118608912738346
153836004.0,0.9124635948581626
153836005.0,0.9114669373079972
153836006.0,0.911218821241962
153836007.0,0.9137448185443405
153836008.0,0.9111807289146796
153836009.0,0.9111879431363686
153836010.0,0.9113155844451781
153836011.0,0.9129387673040988
153836012.0,0.9112569633995818
153836013.0,0.9115750912457613
153836014.0,0.9142352779158447
153836015.0,0.9129793399793436
153836016.0,0.9104984991049202
153836017.0,0.9108641049612488
153837001.0,0.9134197189593138
153837002.0,0.9058266855919488
153837003.0,0.9163678027877152
153837004.0,0.903269452250555
153837005.0,0.9045987908098673
153837006.0,0.9076028581646839
153837007.0,0.9137845197317871
153837008.0,0.9120582872646362
153837009.0,0.9085468391801144
153837010.0,0.9034996836606725
153837011.0,0.9099195353706759
153837012.0,0.9070865751317655
153837013.0,0.9055664702624441
153837014.0,0.9085276143396458
153837015.0,0.908779319590211
153837016.0,0.9096468784134073
156608001.0,0.6401795400159214
156608016.0,0.6175527824516818
156618008.0,0.5980666473361429
157006008.0,0.5721273314945704
157009014.0,0.5646988274367357
150713001.0,0.7166964226885714
150713002.0,0.7185497160621124
150713003.0,0.716256683821023
150713004.0,0.7180313245687177
150713005.0,0.7118932077335001
150713007.0,0.7182360882877922
150713009.0,0.715611203246586
156606015.0,0.6685611860692446
156608004.0,0.6511956115560297
156608005.0,0.6613691661909192
156608017.0,0.660147219971813
156608019.0,0.6600576359829841
157006027.0,0.5487265062411081
150702005.0,0.7509163787273049
150702013.0,0.7406586673481999
150702034.0,0.7433514854441788
150702037.0,0.7514930617161978
150702045.0,0.7487492122709224
150702047.0,0.7548656034714062
150702049.0,0.7554866286641347
150702055.0,0.7533644374296469
150702060.0,0.7455403801899578
150705006.0,0.7259985542621703
150705013.0,0.7310505618857808
150705022.0,0.7346397795890248
150705025.0,0.7283771746938352
150705030.0,0.7331396413351882
150705032.0,0.7369902581636175
150705039.0,0.7297690553037162
150705050.0,0.7270820708788417
150713008.0,0.719296047848311
156608012.0,0.6676344857677731
153818010.0,0.9427984872863961
157005022.0,0.4804978057720454
157004010.0,0.5045156356128044
157003001.0,0.6897083132383686
157003010.0,0.6945178639695435
