BRGY_PSGC,hs_school_count,es_below_school_count
157001001,1.0,2.0
157001002,1.0,1.0
157001003,0.0,6.0
157001004,0.0,1.0
157001005,0.0,2.0
157001007,0.0,3.0
157001008,0.0,1.0
157001009,0.0,2.0
157001010,0.0,1.0
157001011,0.0,2.0
157001012,0.0,2.0
157001013,0.0,2.0
157001014,0.0,1.0
157001015,0.0,3.0
157001016,0.0,1.0
157001017,0.0,1.0
157001018,0.0,2.0
157002005,0.0,1.0
157002006,0.0,1.0
157002007,0.0,3.0
157002009,0.0,1.0
157002010,0.0,3.0
157002012,0.0,1.0
157002013,0.0,1.0
157002014,0.0,2.0
157002015,0.0,0.0
157002016,0.0,2.0
157002017,0.0,2.0
157002018,0.0,1.0
157002019,0.0,0.0
157002021,0.0,2.0
157002022,1.0,2.0
157002023,1.0,1.0
157002024,0.0,1.0
157002025,0.0,1.0
157002026,0.0,2.0
157002027,5.0,10.0
157002030,1.0,3.0
157002031,0.0,3.0
157002033,1.0,4.0
157002034,0.0,2.0
157002037,0.0,1.0
157002040,0.0,1.0
157002042,0.0,2.0
157002043,0.0,2.0
157002044,0.0,1.0
157002045,0.0,3.0
157002046,0.0,2.0
157002047,0.0,4.0
157002048,0.0,1.0
157002049,2.0,3.0
157002050,0.0,4.0
157003002,0.0,1.0
157003003,0.0,1.0
157003004,1.0,1.0
157003005,0.0,2.0
157003006,0.0,3.0
157003007,0.0,1.0
157003008,0.0,1.0
157003009,0.0,1.0
157003012,0.0,1.0
157003013,1.0,1.0
157003014,0.0,1.0
157003015,0.0,2.0
157003016,0.0,1.0
157004001,0.0,0.0
157004002,1.0,6.0
157004003,1.0,1.0
157004004,0.0,2.0
157004005,0.0,1.0
157004006,1.0,5.0
157004007,0.0,1.0
157004008,1.0,1.0
157004009,0.0,1.0
157004011,0.0,0.0
157004012,0.0,2.0
157004013,0.0,1.0
157004014,0.0,2.0
157004015,0.0,1.0
157005001,0.0,2.0
157005004,2.0,2.0
157005010,0.0,1.0
157005012,0.0,1.0
157005016,0.0,2.0
157005021,0.0,2.0
157005023,0.0,2.0
157005025,1.0,2.0
157007002,0.0,0.0
157007009,0.0,0.0
157007010,0.0,1.0
157007012,0.0,0.0
157007026,0.0,1.0
157007030,1.0,1.0
157007031,0.0,2.0
157007033,0.0,0.0
157007041,0.0,0.0
157007042,0.0,1.0
157007043,1.0,2.0
157007044,0.0,0.0
157007045,0.0,0.0
157007046,0.0,2.0
157007047,0.0,0.0
157007048,0.0,0.0
157007049,0.0,2.0
157007050,0.0,2.0
157007051,0.0,0.0
157007052,0.0,1.0
157008001,1.0,3.0
157008002,0.0,0.0
157009001,1.0,3.0
157009002,0.0,1.0
157009003,0.0,1.0
157009004,0.0,1.0
157009005,0.0,3.0
157009006,0.0,1.0
157009009,0.0,1.0
157009010,0.0,1.0
157009011,0.0,2.0
157009012,0.0,2.0
157009013,0.0,1.0
157009015,0.0,1.0
157009016,0.0,1.0
157009017,1.0,1.0
157009018,0.0,1.0
157009019,0.0,2.0
157009020,1.0,4.0
157009021,0.0,1.0
157009022,0.0,1.0
157010001,0.0,2.0
157010002,0.0,2.0
157010003,1.0,2.0
157010004,0.0,2.0
157010005,0.0,1.0
157010006,0.0,2.0
157010007,0.0,0.0
157010008,0.0,2.0
157010009,0.0,1.0
157010010,0.0,2.0
157010011,0.0,1.0
157010012,0.0,1.0
157010013,1.0,1.0
157010014,0.0,2.0
157010015,0.0,2.0
157010016,0.0,1.0
157010017,0.0,0.0
157010018,0.0,0.0
157010019,0.0,1.0
157010020,0.0,1.0
157010021,0.0,1.0
157010022,0.0,1.0
157010023,0.0,0.0
157011001,0.0,0.0
157011002,0.0,1.0
157011003,0.0,0.0
157011004,0.0,1.0
157011005,0.0,0.0
157011006,0.0,0.0
157011007,1.0,2.0
157011008,0.0,1.0
157011009,0.0,1.0
157011010,0.0,1.0
157011011,1.0,1.0
157011012,1.0,2.0
157011013,0.0,1.0
157011014,0.0,2.0
157011015,0.0,1.0
157011016,0.0,0.0
156607031,0.0,0.0
156607033,0.0,0.0
156607034,1.0,1.0
156607036,1.0,1.0
156607037,1.0,1.0
156607038,0.0,0.0
156607039,0.0,1.0
156607040,0.0,0.0
156607042,0.0,0.0
156607043,0.0,0.0
156608003,0.0,1.0
156608006,0.0,1.0
156608007,0.0,3.0
156608009,1.0,4.0
157006030,0.0,0.0
157006032,0.0,1.0
157006033,0.0,0.0
157006034,0.0,0.0
157006035,0.0,2.0
157006036,0.0,0.0
157006037,0.0,0.0
157006038,0.0,0.0
157006039,0.0,0.0
150713006,0.0,1.0
150713010,0.0,1.0
150713011,0.0,1.0
150713012,0.0,2.0
156601001,0.0,1.0
156601002,0.0,0.0
156601003,1.0,2.0
156601004,0.0,2.0
156601005,0.0,0.0
156601006,0.0,2.0
156601007,0.0,0.0
156601008,0.0,0.0
156601010,0.0,2.0
156601011,0.0,2.0
156601012,0.0,0.0
156601013,0.0,0.0
156601014,0.0,1.0
156601015,0.0,0.0
156601016,0.0,1.0
156601017,0.0,0.0
156601018,0.0,2.0
156601019,1.0,1.0
156601020,0.0,1.0
156601021,0.0,0.0
156601022,0.0,1.0
156601023,0.0,1.0
156601024,0.0,1.0
156601025,1.0,1.0
156601026,0.0,1.0
156601027,0.0,1.0
156601028,0.0,1.0
156601029,0.0,2.0
156601030,0.0,2.0
156601031,1.0,2.0
156601032,0.0,1.0
156601033,0.0,0.0
156601035,0.0,0.0
156601036,0.0,0.0
156602001,2.0,3.0
156602002,1.0,8.0
156602003,1.0,7.0
156602004,0.0,2.0
156602007,1.0,12.0
156602008,0.0,1.0
156602009,1.0,2.0
156602010,3.0,5.0
156603002,0.0,1.0
156603004,0.0,1.0
156603010,0.0,2.0
156603011,0.0,1.0
156603012,1.0,1.0
156603013,1.0,1.0
156603016,0.0,1.0
156603017,0.0,1.0
156603018,0.0,2.0
156604004,0.0,1.0
156604007,0.0,2.0
156604008,0.0,2.0
156604012,0.0,1.0
156604013,0.0,1.0
156604014,0.0,1.0
156604015,0.0,1.0
156604021,0.0,2.0
156604024,1.0,1.0
156604028,0.0,1.0
156604029,0.0,0.0
156604030,0.0,4.0
156605001,0.0,0.0
156605002,0.0,1.0
156605003,0.0,0.0
156605004,0.0,1.0
156605005,0.0,0.0
156605006,0.0,1.0
156605007,0.0,0.0
156605008,0.0,1.0
156605009,0.0,1.0
156605010,0.0,0.0
156605011,0.0,0.0
156605012,1.0,1.0
156605013,0.0,0.0
156605014,0.0,1.0
156605015,0.0,0.0
156605016,0.0,0.0
156605017,1.0,2.0
156605018,0.0,0.0
156605019,0.0,1.0
156605020,0.0,1.0
156605021,0.0,1.0
156605022,0.0,1.0
156605023,0.0,1.0
156605024,0.0,0.0
156605025,0.0,2.0
156605026,0.0,1.0
156605027,0.0,1.0
156606002,0.0,1.0
156606003,0.0,3.0
156606008,0.0,1.0
156606012,1.0,2.0
156607001,0.0,1.0
156607002,0.0,0.0
156607003,0.0,0.0
156607004,0.0,0.0
156607005,0.0,1.0
156607006,0.0,0.0
156607007,0.0,1.0
156607008,0.0,0.0
156607011,0.0,0.0
156607013,0.0,1.0
156607014,0.0,0.0
156607015,0.0,0.0
156607016,0.0,1.0
156607017,0.0,0.0
156607018,0.0,1.0
156607019,0.0,0.0
156607023,0.0,0.0
156607027,0.0,0.0
156607028,1.0,1.0
156607029,0.0,1.0
156607030,0.0,1.0
156608010,0.0,3.0
156608011,0.0,1.0
156608013,1.0,3.0
156608014,0.0,2.0
156608018,0.0,3.0
156609001,0.0,1.0
156609002,0.0,1.0
156609003,0.0,2.0
156609004,0.0,0.0
156609005,0.0,1.0
156609006,0.0,0.0
156609008,0.0,0.0
156609009,0.0,0.0
156609010,0.0,0.0
156609011,0.0,1.0
156609012,0.0,0.0
156609013,0.0,1.0
156609015,0.0,1.0
156609016,0.0,2.0
156609017,0.0,1.0
156609019,0.0,1.0
156609021,0.0,1.0
156609023,0.0,2.0
156609024,0.0,1.0
156609025,0.0,1.0
156609026,0.0,1.0
156609027,0.0,1.0
156609028,0.0,1.0
156609029,0.0,1.0
156609030,1.0,2.0
156609031,0.0,0.0
156609032,0.0,1.0
156609033,0.0,1.0
156609034,0.0,0.0
156609035,0.0,0.0
156609036,0.0,1.0
156609037,0.0,1.0
156609038,1.0,1.0
156609039,0.0,1.0
156609040,0.0,0.0
156609041,0.0,1.0
156609042,0.0,2.0
156609043,0.0,0.0
156609044,0.0,0.0
156609045,0.0,1.0
156610001,0.0,0.0
156610003,0.0,1.0
156610004,0.0,2.0
156610005,0.0,1.0
156610006,0.0,1.0
156610007,1.0,1.0
156610008,0.0,1.0
156610009,0.0,1.0
156610010,0.0,0.0
156610011,0.0,1.0
156610012,0.0,1.0
156610013,0.0,0.0
156610014,0.0,1.0
156610015,0.0,2.0
156611001,0.0,1.0
156611002,0.0,0.0
156611003,1.0,2.0
156611004,0.0,1.0
156611005,0.0,0.0
156611006,0.0,0.0
156611007,1.0,1.0
156611008,0.0,1.0
156611009,0.0,1.0
156611010,0.0,1.0
156611011,0.0,1.0
156611012,0.0,1.0
156611013,0.0,1.0
156611014,1.0,4.0
156611015,0.0,0.0
156611016,0.0,0.0
156611017,0.0,1.0
156611018,0.0,0.0
156611019,0.0,0.0
156611020,0.0,0.0
156611021,0.0,1.0
156611022,0.0,0.0
156611023,1.0,1.0
156611024,0.0,2.0
156611025,0.0,1.0
156611026,0.0,1.0
156611027,0.0,1.0
156611028,0.0,1.0
156611029,0.0,1.0
156611030,0.0,1.0
156612001,0.0,0.0
156612004,0.0,1.0
156612006,0.0,0.0
156612007,0.0,1.0
156612008,0.0,1.0
156612009,1.0,5.0
156612010,0.0,1.0
156612011,0.0,1.0
156612012,0.0,2.0
156612013,0.0,0.0
156612015,0.0,1.0
156612016,0.0,2.0
156612018,0.0,1.0
156612019,0.0,2.0
156612020,0.0,1.0
156612021,1.0,1.0
156612023,0.0,1.0
156612025,0.0,1.0
156612026,0.0,0.0
156612030,0.0,1.0
156612032,0.0,2.0
156612035,0.0,1.0
156612037,0.0,1.0
156612038,0.0,0.0
156612040,0.0,1.0
156612041,0.0,0.0
156612042,0.0,1.0
156612046,0.0,3.0
156612048,0.0,2.0
156612049,0.0,2.0
156612050,0.0,1.0
156612053,0.0,1.0
156612056,0.0,1.0
156612057,0.0,1.0
156612058,0.0,1.0
156612059,0.0,2.0
156612060,0.0,1.0
156612061,0.0,1.0
156612065,0.0,0.0
156612066,0.0,1.0
156612067,0.0,0.0
156612069,1.0,2.0
156612070,0.0,1.0
156612071,0.0,0.0
156612072,1.0,1.0
156612073,0.0,0.0
156612074,0.0,1.0
156612075,0.0,1.0
156612076,0.0,2.0
156612080,0.0,0.0
156613001,0.0,0.0
156613002,0.0,0.0
156613003,0.0,1.0
156613004,1.0,1.0
156613007,0.0,1.0
156613008,0.0,2.0
156613009,0.0,1.0
156613010,0.0,0.0
156613011,0.0,1.0
156613014,0.0,1.0
156613015,0.0,1.0
156613016,0.0,0.0
156613017,0.0,1.0
156613018,0.0,1.0
156613019,0.0,1.0
156613020,0.0,0.0
156613021,0.0,1.0
156613023,0.0,0.0
156613024,0.0,0.0
156613025,0.0,1.0
156613026,0.0,1.0
156613027,0.0,1.0
156613028,0.0,1.0
156613029,0.0,0.0
156613030,0.0,1.0
156613031,0.0,1.0
156613032,0.0,0.0
156613033,0.0,1.0
156613035,0.0,0.0
156613036,0.0,1.0
156613037,0.0,1.0
156613038,0.0,1.0
156613039,0.0,1.0
156613040,0.0,1.0
156613041,0.0,0.0
156613042,0.0,0.0
156613043,0.0,0.0
156613044,0.0,1.0
156613045,1.0,1.0
156613047,0.0,1.0
156613048,1.0,2.0
156613049,0.0,1.0
156613051,0.0,1.0
156613052,0.0,1.0
156613053,0.0,1.0
156613054,0.0,1.0
156613055,0.0,0.0
156613056,0.0,1.0
156613057,0.0,1.0
156613058,0.0,0.0
156613059,0.0,1.0
156613060,0.0,1.0
156614003,0.0,1.0
156614010,0.0,1.0
156614013,0.0,1.0
156614014,1.0,1.0
156614016,0.0,1.0
156614017,0.0,1.0
156614018,0.0,0.0
156614019,0.0,1.0
156614025,0.0,1.0
156614027,0.0,2.0
156614028,0.0,1.0
156614030,0.0,0.0
156614032,0.0,1.0
156614033,0.0,1.0
156614035,0.0,1.0
156615001,0.0,1.0
156615002,0.0,1.0
156615003,0.0,1.0
156615004,1.0,3.0
156615005,0.0,1.0
156615006,1.0,1.0
156615007,0.0,1.0
156615009,0.0,1.0
156615010,0.0,1.0
156615011,0.0,1.0
156615012,0.0,1.0
156615013,0.0,1.0
156615014,0.0,1.0
156615015,0.0,1.0
156616001,0.0,1.0
156616002,0.0,1.0
156616003,0.0,1.0
156616004,0.0,1.0
156616005,0.0,0.0
156616006,0.0,1.0
156616007,1.0,1.0
156616008,1.0,1.0
156616009,0.0,0.0
156616010,0.0,1.0
156616011,0.0,2.0
156616012,0.0,1.0
156617001,0.0,1.0
156617002,0.0,1.0
156617003,0.0,1.0
156617004,0.0,2.0
156617005,0.0,1.0
156617006,0.0,0.0
156617007,0.0,1.0
156617008,0.0,1.0
156617009,0.0,1.0
156617010,0.0,1.0
156617011,1.0,2.0
156617012,0.0,1.0
156617013,0.0,0.0
156617014,0.0,1.0
156617015,0.0,1.0
156617016,0.0,1.0
156617017,0.0,1.0
156618001,0.0,0.0
156618002,0.0,1.0
156618003,0.0,2.0
156618004,0.0,2.0
156618005,0.0,2.0
156618006,0.0,1.0
156618007,0.0,2.0
156618009,1.0,1.0
156618010,0.0,3.0
156618011,0.0,1.0
156618012,0.0,2.0
156618013,0.0,0.0
156618014,0.0,4.0
156618015,0.0,0.0
156618016,0.0,0.0
156619001,0.0,3.0
156619002,0.0,3.0
156619003,1.0,3.0
156619004,0.0,2.0
156619005,0.0,1.0
156619006,1.0,3.0
156619007,0.0,1.0
156619008,0.0,1.0
157006001,0.0,0.0
157006005,0.0,0.0
157006006,0.0,1.0
157006007,0.0,0.0
157006009,0.0,0.0
157006010,0.0,0.0
157006011,0.0,1.0
157006012,0.0,0.0
157006013,0.0,0.0
157006014,0.0,1.0
157006015,0.0,0.0
157006016,0.0,0.0
157006017,0.0,0.0
157006019,1.0,2.0
157006023,0.0,1.0
157006024,0.0,0.0
157006025,1.0,2.0
157006026,0.0,1.0
157006028,0.0,0.0
157006029,0.0,0.0
150702059,1.0,1.0
150703001,1.0,1.0
150703003,0.0,1.0
150703004,0.0,1.0
150703007,0.0,1.0
150703008,0.0,1.0
150703011,1.0,1.0
150703012,0.0,1.0
150703016,1.0,1.0
150703017,0.0,1.0
150703018,0.0,1.0
150703019,0.0,1.0
150703021,0.0,1.0
150703024,0.0,1.0
150703025,0.0,1.0
150703026,0.0,0.0
150703027,0.0,1.0
150703029,0.0,1.0
150703030,0.0,0.0
150703031,0.0,1.0
150703033,0.0,1.0
150703034,0.0,1.0
150703035,0.0,1.0
150703036,0.0,0.0
150703037,0.0,1.0
150703038,0.0,1.0
150704001,0.0,2.0
150704002,0.0,1.0
150704003,0.0,1.0
150704004,0.0,0.0
150704005,0.0,1.0
150704006,0.0,0.0
150704007,0.0,0.0
150704008,0.0,1.0
150704009,1.0,1.0
150704010,0.0,1.0
150704011,0.0,1.0
150704012,0.0,0.0
150704013,1.0,2.0
150704015,0.0,1.0
150704016,0.0,1.0
150704017,0.0,1.0
150704018,0.0,1.0
150704019,0.0,1.0
150704020,0.0,0.0
150704021,0.0,1.0
150705001,0.0,2.0
150705002,0.0,0.0
150705007,0.0,1.0
150705010,0.0,1.0
150705014,1.0,1.0
150705019,1.0,2.0
150705024,0.0,1.0
150705027,0.0,0.0
150705028,1.0,1.0
150705031,0.0,1.0
150705035,0.0,1.0
150705041,0.0,1.0
150705042,0.0,1.0
150705043,0.0,0.0
150705044,0.0,1.0
150705047,0.0,1.0
150705051,0.0,1.0
150712001,0.0,1.0
150712002,0.0,1.0
150712003,1.0,3.0
150712004,0.0,2.0
150712005,0.0,1.0
150712006,0.0,1.0
150712007,0.0,1.0
150712008,0.0,1.0
150712009,1.0,1.0
150712010,0.0,1.0
150702001,0.0,1.0
150702002,0.0,1.0
150702004,0.0,0.0
150702006,0.0,1.0
150702007,0.0,1.0
150702008,0.0,1.0
150702010,0.0,1.0
150702011,0.0,1.0
150702012,0.0,1.0
150702014,0.0,1.0
150702016,0.0,1.0
150702018,0.0,1.0
150702020,1.0,2.0
150702024,1.0,1.0
150702025,0.0,2.0
150702028,1.0,1.0
150702032,1.0,1.0
150702035,0.0,1.0
150702036,0.0,1.0
150702039,1.0,1.0
150702050,1.0,3.0
150702054,0.0,0.0
150702056,0.0,0.0
150702057,0.0,0.0
150702058,0.0,1.0
150702061,0.0,1.0
150702062,0.0,1.0
150702063,0.0,0.0
150702064,1.0,2.0
150702065,0.0,2.0
150702066,1.0,1.0
150702067,0.0,1.0
150702068,2.0,3.0
150702069,0.0,0.0
150702070,0.0,0.0
150705029,0.0,1.0
150705036,0.0,1.0
150705045,0.0,1.0
150705048,0.0,1.0
150706002,0.0,2.0
150706003,0.0,1.0
150706004,1.0,1.0
150706011,0.0,1.0
150706012,0.0,1.0
150706016,1.0,1.0
150706017,0.0,1.0
150706018,0.0,1.0
150706019,0.0,1.0
150706030,0.0,1.0
150706038,0.0,1.0
150707005,0.0,0.0
150707010,1.0,1.0
150707016,0.0,1.0
150707021,0.0,1.0
150707025,0.0,1.0
150707028,1.0,1.0
150707033,0.0,0.0
150707034,0.0,1.0
150707040,0.0,0.0
150707041,0.0,1.0
150708001,0.0,1.0
150708002,0.0,1.0
150708003,0.0,1.0
150708004,0.0,1.0
150708005,0.0,0.0
150708006,0.0,0.0
150708007,0.0,1.0
150708008,1.0,1.0
150708009,0.0,0.0
150709001,0.0,0.0
150709002,0.0,1.0
150709003,0.0,1.0
150709004,0.0,1.0
150709005,0.0,1.0
150709006,0.0,1.0
150709007,0.0,1.0
150709008,0.0,1.0
150709009,0.0,1.0
150709010,0.0,0.0
150709011,0.0,1.0
150709012,0.0,1.0
150709013,0.0,0.0
150709014,0.0,0.0
150709015,0.0,1.0
150709016,0.0,1.0
150710001,0.0,1.0
150710002,1.0,1.0
150710003,0.0,1.0
150710004,0.0,1.0
150710005,1.0,0.0
150710006,0.0,1.0
150710007,0.0,1.0
150710008,0.0,1.0
150710009,0.0,1.0
150710010,0.0,2.0
150710011,0.0,1.0
150711001,0.0,1.0
150711002,0.0,2.0
150711003,0.0,1.0
150711004,0.0,1.0
150711005,0.0,1.0
150711006,0.0,1.0
150711007,0.0,1.0
150711008,0.0,1.0
150711009,0.0,1.0
150711010,0.0,1.0
150711011,0.0,1.0
150711012,0.0,1.0
124703017,0.0,0.0
124703021,0.0,0.0
124703022,0.0,0.0
124703023,0.0,0.0
124703024,0.0,0.0
124709033,0.0,0.0
129804031,0.0,0.0
129804032,0.0,0.0
129804033,0.0,0.0
129804034,0.0,0.0
129804035,0.0,0.0
129804036,0.0,0.0
129804037,0.0,0.0
153601001,0.0,1.0
153601002,1.0,7.0
153601004,0.0,2.0
153601005,0.0,1.0
153601006,0.0,1.0
153606006,0.0,0.0
153606007,0.0,2.0
153606008,0.0,0.0
153606011,0.0,1.0
153606012,0.0,0.0
153606014,0.0,0.0
153606015,0.0,1.0
153606017,0.0,0.0
153606019,0.0,0.0
153606022,0.0,0.0
153606023,1.0,1.0
153606027,0.0,0.0
153606028,1.0,4.0
153617024,0.0,0.0
153617025,0.0,1.0
153617026,0.0,0.0
153617027,1.0,1.0
153617029,0.0,0.0
153617030,0.0,0.0
153617032,0.0,0.0
153617033,1.0,2.0
153617035,0.0,0.0
153617036,0.0,0.0
153617037,1.0,0.0
153617039,1.0,1.0
153631009,1.0,0.0
153631010,0.0,0.0
153631011,0.0,0.0
153631012,0.0,0.0
153631015,0.0,1.0
153631016,0.0,0.0
153631017,0.0,0.0
153631018,1.0,1.0
153631020,0.0,0.0
153631021,0.0,0.0
153631023,0.0,0.0
153631024,1.0,0.0
153631026,1.0,3.0
153634033,0.0,0.0
153634037,0.0,0.0
153634038,0.0,0.0
153634041,0.0,0.0
153634045,0.0,0.0
153634048,0.0,0.0
153634051,0.0,0.0
153634052,0.0,0.0
153634053,0.0,0.0
153634054,0.0,0.0
153634055,0.0,1.0
153634056,0.0,0.0
153634057,0.0,0.0
124702010,0.0,0.0
124702015,0.0,0.0
124702016,0.0,0.0
124702024,0.0,0.0
124702027,0.0,0.0
124702030,0.0,0.0
124702039,0.0,0.0
124703004,0.0,0.0
124703013,0.0,0.0
124709011,0.0,0.0
124709014,0.0,0.0
124709015,0.0,0.0
124709016,0.0,0.0
124709019,0.0,0.0
124709020,0.0,0.0
124709027,0.0,0.0
124709029,0.0,0.0
124709030,0.0,0.0
124709047,0.0,0.0
124709050,0.0,0.0
124709051,0.0,0.0
124711003,0.0,0.0
124711009,0.0,0.0
124711012,0.0,0.0
124711013,0.0,0.0
124711014,0.0,0.0
124711016,0.0,0.0
124711017,0.0,0.0
124711018,0.0,0.0
124711022,0.0,0.0
124711028,0.0,0.0
124711029,0.0,0.0
124711036,0.0,0.0
124712001,0.0,0.0
124712005,0.0,0.0
124712006,0.0,0.0
124712007,0.0,0.0
124712008,0.0,0.0
124712009,0.0,0.0
124712010,0.0,0.0
124712012,0.0,0.0
124712019,0.0,0.0
124712021,0.0,0.0
124712022,0.0,0.0
124712024,0.0,0.0
124712030,0.0,0.0
124712034,0.0,0.0
124712035,0.0,0.0
124712037,0.0,0.0
124712040,0.0,0.0
124712041,0.0,0.0
124712044,0.0,0.0
124712048,0.0,0.0
124712052,0.0,0.0
124712062,0.0,0.0
124717004,0.0,0.0
124717017,0.0,0.0
129804001,0.0,0.0
129804002,0.0,0.0
129804003,0.0,0.0
129804004,0.0,0.0
129804005,0.0,0.0
129804006,0.0,0.0
129804007,0.0,0.0
129804008,0.0,0.0
129804009,0.0,0.0
129804010,0.0,0.0
129804011,0.0,0.0
129804012,0.0,0.0
129804013,0.0,0.0
129804014,0.0,0.0
129804015,0.0,0.0
129804016,0.0,0.0
129804017,0.0,0.0
129804018,0.0,0.0
129804019,0.0,0.0
129804020,0.0,0.0
129804021,0.0,0.0
129804022,0.0,0.0
129804023,0.0,0.0
129804024,0.0,0.0
129804025,0.0,0.0
129804026,0.0,0.0
129804027,0.0,0.0
129804028,0.0,0.0
129804029,0.0,0.0
129804030,0.0,0.0
153601007,1.0,6.0
153601008,0.0,3.0
153601009,0.0,0.0
153601010,0.0,0.0
153601011,0.0,1.0
153601012,0.0,2.0
153601013,1.0,8.0
153601014,0.0,1.0
153601015,0.0,1.0
153601016,1.0,1.0
153601018,2.0,2.0
153601019,0.0,1.0
153601020,4.0,11.0
153601021,0.0,0.0
153601022,1.0,2.0
153601023,1.0,8.0
153601024,0.0,1.0
153601025,0.0,3.0
153601026,1.0,3.0
153601027,1.0,1.0
153601028,0.0,0.0
153602002,0.0,2.0
153602003,1.0,1.0
153602004,1.0,0.0
153602006,0.0,0.0
153602007,0.0,3.0
153602008,1.0,1.0
153602010,0.0,2.0
153602011,1.0,0.0
153602012,0.0,1.0
153602013,0.0,1.0
153602014,0.0,0.0
153602015,0.0,0.0
153602016,1.0,1.0
153602019,0.0,0.0
153602022,0.0,0.0
153602027,0.0,1.0
153602029,0.0,0.0
153602032,1.0,0.0
153602039,2.0,2.0
153602043,0.0,1.0
153602050,0.0,0.0
153602051,0.0,0.0
153602052,1.0,11.0
153602053,2.0,3.0
153602054,0.0,0.0
153602055,0.0,0.0
153602056,1.0,1.0
153603001,0.0,1.0
153603005,0.0,2.0
153603006,0.0,1.0
153603007,0.0,0.0
153603008,0.0,3.0
153603009,0.0,0.0
153603011,0.0,0.0
153603013,0.0,1.0
153603014,1.0,5.0
153603015,0.0,1.0
153603016,1.0,7.0
153603018,0.0,0.0
153603021,0.0,1.0
153603022,1.0,1.0
153603024,0.0,0.0
153603025,1.0,4.0
153603026,0.0,0.0
153603027,0.0,2.0
153603029,0.0,0.0
153603031,0.0,4.0
153603032,0.0,1.0
153603033,0.0,1.0
153603035,0.0,0.0
153603036,0.0,1.0
153603037,0.0,0.0
153603041,0.0,0.0
153603042,0.0,0.0
153603043,1.0,3.0
153603044,0.0,1.0
153603046,0.0,0.0
153603047,1.0,3.0
153603050,0.0,3.0
153603051,0.0,3.0
153603052,0.0,1.0
153603053,0.0,1.0
153603054,0.0,0.0
153603055,0.0,2.0
153603056,0.0,2.0
153604003,0.0,0.0
153604004,0.0,0.0
153604005,0.0,1.0
153604006,0.0,1.0
153604007,0.0,1.0
153604009,0.0,0.0
153604010,0.0,0.0
153604011,0.0,0.0
153604012,0.0,0.0
153604013,0.0,2.0
153604014,0.0,0.0
153604015,0.0,1.0
153604017,0.0,1.0
153604018,0.0,1.0
153604019,0.0,1.0
153604020,0.0,0.0
153604021,0.0,0.0
153604022,0.0,1.0
153604024,2.0,3.0
153604025,1.0,5.0
153604027,0.0,0.0
153604028,0.0,0.0
153604030,0.0,5.0
153604031,0.0,0.0
153604032,0.0,1.0
153604033,0.0,5.0
153604034,0.0,2.0
153604035,0.0,1.0
153604036,0.0,0.0
153604037,0.0,4.0
153604038,0.0,0.0
153604039,1.0,1.0
153604040,0.0,1.0
153604041,0.0,1.0
153604042,0.0,0.0
153604043,0.0,0.0
153604044,1.0,1.0
153604045,0.0,1.0
153604046,0.0,2.0
153604047,2.0,3.0
153604048,0.0,0.0
153604049,0.0,1.0
153604050,0.0,0.0
153604051,0.0,0.0
153604052,0.0,0.0
153604053,0.0,0.0
153604054,0.0,0.0
153604055,0.0,1.0
153604056,0.0,0.0
153605001,0.0,1.0
153605002,0.0,0.0
153605003,0.0,1.0
153605004,0.0,2.0
153605005,0.0,0.0
153605006,0.0,1.0
153605009,0.0,0.0
153605010,0.0,0.0
153605011,0.0,1.0
153605012,0.0,0.0
153605014,0.0,2.0
153605015,0.0,5.0
153605016,0.0,1.0
153605017,0.0,1.0
153605018,0.0,2.0
153605019,1.0,0.0
153605020,1.0,3.0
153605021,0.0,0.0
153605022,1.0,2.0
153605023,0.0,1.0
153605024,0.0,0.0
153605025,4.0,7.0
153605028,0.0,1.0
153605030,2.0,3.0
153605033,0.0,1.0
153605034,0.0,2.0
153606002,0.0,0.0
153606003,0.0,3.0
153606004,0.0,0.0
153606005,0.0,2.0
153606030,0.0,0.0
153606031,0.0,1.0
153606032,0.0,0.0
153606033,1.0,0.0
153606035,0.0,0.0
153606037,0.0,0.0
153606038,0.0,1.0
153606039,0.0,0.0
153606041,1.0,1.0
153606045,0.0,1.0
153606048,0.0,0.0
153606049,0.0,1.0
153606051,0.0,0.0
153606052,0.0,3.0
153606053,0.0,0.0
153606054,0.0,0.0
153606058,2.0,2.0
153606059,0.0,0.0
153606060,0.0,0.0
153607012,0.0,1.0
153607013,0.0,2.0
153607016,0.0,1.0
153607019,0.0,4.0
153607022,0.0,1.0
153607041,0.0,0.0
153607044,1.0,2.0
153607045,0.0,1.0
153607046,1.0,2.0
153607047,0.0,0.0
153607051,0.0,2.0
153607052,2.0,5.0
153607056,0.0,1.0
153607060,0.0,1.0
153607062,0.0,1.0
153607063,0.0,0.0
153609001,0.0,0.0
153609002,1.0,0.0
153609003,0.0,0.0
153609004,0.0,0.0
153609005,0.0,1.0
153609006,0.0,0.0
153609007,0.0,0.0
153609009,0.0,3.0
153609010,0.0,0.0
153609011,1.0,1.0
153609012,0.0,0.0
153609013,0.0,0.0
153609014,0.0,0.0
153609015,0.0,0.0
153609016,1.0,1.0
153609017,0.0,0.0
153609018,0.0,0.0
153609019,0.0,1.0
153609020,0.0,1.0
153609021,1.0,2.0
153609022,1.0,4.0
153609023,0.0,2.0
153609027,0.0,0.0
153609029,0.0,0.0
153609030,1.0,2.0
153609031,0.0,1.0
153609032,0.0,0.0
153609033,0.0,0.0
153609034,0.0,0.0
153609051,0.0,1.0
153609052,0.0,0.0
153609053,0.0,0.0
153610003,0.0,0.0
153610007,0.0,1.0
153610008,0.0,1.0
153610009,0.0,0.0
153610012,1.0,2.0
153610017,0.0,1.0
153610018,0.0,0.0
153610019,0.0,0.0
153610025,0.0,0.0
153610026,0.0,1.0
153610029,0.0,0.0
153610030,0.0,0.0
153610031,0.0,1.0
153610032,0.0,1.0
153610033,0.0,0.0
153610034,0.0,0.0
153610035,0.0,0.0
153610036,0.0,1.0
153610037,1.0,2.0
153610038,0.0,0.0
153611003,1.0,2.0
153611004,0.0,0.0
153611008,0.0,1.0
153611009,0.0,0.0
153611011,0.0,1.0
153611019,0.0,1.0
153611020,0.0,0.0
153611021,0.0,0.0
153611026,0.0,1.0
153611027,0.0,1.0
153611031,0.0,0.0
153611035,0.0,1.0
153611039,0.0,0.0
153611040,0.0,0.0
153611041,0.0,0.0
153611044,0.0,0.0
153611046,0.0,1.0
153611047,0.0,0.0
153611052,0.0,1.0
153611054,0.0,1.0
153611055,1.0,2.0
153611058,0.0,0.0
153611065,0.0,0.0
153611066,0.0,0.0
153611070,0.0,0.0
153611077,1.0,1.0
153611078,0.0,0.0
153611079,0.0,0.0
153611081,0.0,0.0
153611082,0.0,0.0
153611083,0.0,1.0
153611085,0.0,1.0
153611089,0.0,0.0
153611091,0.0,1.0
153611094,0.0,1.0
153611096,0.0,1.0
153611097,0.0,2.0
153611098,0.0,1.0
153612001,0.0,0.0
153612008,0.0,0.0
153612011,0.0,1.0
153612012,0.0,1.0
153612017,0.0,1.0
153612018,0.0,2.0
153612021,0.0,2.0
153612024,0.0,1.0
153612028,0.0,0.0
153612029,0.0,0.0
153612032,0.0,1.0
153612033,0.0,0.0
153612034,0.0,0.0
153612035,0.0,0.0
153612038,0.0,0.0
153612039,0.0,0.0
153612043,1.0,2.0
153612048,0.0,0.0
153612050,0.0,0.0
153612051,0.0,0.0
153612052,0.0,1.0
153613001,0.0,0.0
153613003,0.0,0.0
153613006,0.0,0.0
153613007,0.0,0.0
153613008,0.0,0.0
153613010,0.0,1.0
153613012,1.0,0.0
153613013,0.0,0.0
153613014,0.0,0.0
153613015,1.0,0.0
153613016,0.0,0.0
153613017,0.0,0.0
153613018,0.0,0.0
153613019,0.0,0.0
153613021,0.0,0.0
153613022,0.0,0.0
153613023,0.0,0.0
153613024,0.0,0.0
153613025,0.0,0.0
153613026,0.0,0.0
153613027,0.0,0.0
153613028,0.0,0.0
153613029,0.0,0.0
153613030,0.0,0.0
153613031,0.0,1.0
153613032,0.0,1.0
153613033,0.0,0.0
153613034,0.0,1.0
153613035,0.0,1.0
153613036,0.0,0.0
153613040,0.0,3.0
153613041,0.0,0.0
153613043,0.0,0.0
153613044,0.0,0.0
153613049,2.0,4.0
153613050,0.0,0.0
153613051,0.0,0.0
153614003,0.0,0.0
153614004,0.0,0.0
153614005,0.0,0.0
153614006,0.0,0.0
153614007,0.0,0.0
153614008,0.0,0.0
153614010,0.0,0.0
153614011,1.0,1.0
153614012,0.0,0.0
153614013,0.0,0.0
153614014,0.0,4.0
153614016,0.0,0.0
153614017,0.0,0.0
153614018,0.0,0.0
153614019,1.0,1.0
153614020,0.0,0.0
153614022,0.0,1.0
153614023,0.0,0.0
153614025,0.0,0.0
153614027,1.0,1.0
153614031,0.0,0.0
153614032,0.0,0.0
153614033,0.0,0.0
153614034,0.0,0.0
153615003,0.0,0.0
153615004,0.0,0.0
153615006,0.0,0.0
153615017,0.0,0.0
153615018,0.0,1.0
153615019,0.0,0.0
153615020,1.0,2.0
153615021,0.0,0.0
153615022,1.0,1.0
153615023,1.0,1.0
153615027,0.0,0.0
153615028,1.0,1.0
153615029,0.0,1.0
153615034,0.0,0.0
153615038,0.0,0.0
153615043,1.0,1.0
153615044,1.0,1.0
153615047,1.0,3.0
153615049,0.0,1.0
153615053,0.0,0.0
153615059,0.0,0.0
153615061,0.0,0.0
153615063,0.0,0.0
153615064,0.0,0.0
153615066,0.0,1.0
153615068,2.0,2.0
153615070,0.0,0.0
153615071,0.0,0.0
153615072,1.0,3.0
153615073,0.0,1.0
153615074,0.0,1.0
153615075,0.0,0.0
153615078,0.0,2.0
153615079,0.0,0.0
153615080,0.0,1.0
153615081,0.0,0.0
153615082,0.0,0.0
153616001,0.0,0.0
153616005,0.0,1.0
153616006,0.0,2.0
153616009,0.0,0.0
153616018,0.0,2.0
153616022,0.0,2.0
153616023,1.0,5.0
153616025,0.0,1.0
153616026,1.0,1.0
153616035,0.0,1.0
153616036,0.0,1.0
153616039,0.0,0.0
153616040,0.0,1.0
153616044,0.0,0.0
153616047,0.0,2.0
153616051,0.0,1.0
153616054,0.0,0.0
153616055,1.0,0.0
153616059,0.0,0.0
153616061,0.0,1.0
153616063,0.0,0.0
153616071,0.0,0.0
153616072,0.0,2.0
153616083,0.0,0.0
153616097,0.0,1.0
153616102,0.0,0.0
153616105,0.0,2.0
153616106,0.0,0.0
153616107,1.0,2.0
153616108,0.0,0.0
153616109,0.0,1.0
153616110,0.0,0.0
153616111,0.0,0.0
153616112,0.0,0.0
153617001,1.0,0.0
153617003,0.0,0.0
153617006,1.0,3.0
153617007,0.0,0.0
153617008,5.0,2.0
153617009,0.0,0.0
153617010,1.0,2.0
153617012,0.0,1.0
153617013,0.0,0.0
153617014,0.0,0.0
153617015,0.0,0.0
153617016,0.0,0.0
153617017,0.0,0.0
153617019,0.0,0.0
153617021,0.0,0.0
153617022,0.0,0.0
153617023,0.0,0.0
153617040,0.0,0.0
153617042,0.0,0.0
153617043,0.0,0.0
153617044,0.0,1.0
153617045,0.0,0.0
153617046,1.0,8.0
153617048,1.0,1.0
153617049,0.0,0.0
153617051,0.0,0.0
153617052,0.0,0.0
153617057,1.0,1.0
153617058,0.0,1.0
153617060,3.0,4.0
153617062,1.0,0.0
153617063,0.0,0.0
153617064,0.0,0.0
153617065,0.0,0.0
153617066,4.0,4.0
153617068,0.0,0.0
153617069,0.0,0.0
153617070,1.0,1.0
153617071,0.0,0.0
153617072,0.0,0.0
153617074,0.0,0.0
153617075,0.0,1.0
153617076,3.0,2.0
153617077,1.0,0.0
153617079,0.0,0.0
153617080,0.0,0.0
153617083,0.0,0.0
153617085,0.0,0.0
153617086,0.0,0.0
153617089,0.0,0.0
153617090,1.0,2.0
153617097,0.0,0.0
153617098,0.0,1.0
153617099,0.0,1.0
153617101,0.0,0.0
153617103,1.0,0.0
153617105,1.0,1.0
153617107,0.0,4.0
153617109,2.0,1.0
153617110,0.0,0.0
153617111,0.0,0.0
153617112,1.0,1.0
153617113,0.0,0.0
153617116,1.0,0.0
153617117,0.0,0.0
153617118,3.0,1.0
153617119,0.0,0.0
153617120,0.0,0.0
153617123,0.0,0.0
153617124,0.0,0.0
153617125,1.0,1.0
153617126,0.0,0.0
153617127,0.0,0.0
153617129,0.0,0.0
153617131,2.0,0.0
153617133,0.0,0.0
153617134,0.0,0.0
153617136,0.0,0.0
153617137,0.0,0.0
153617138,0.0,0.0
153617139,0.0,0.0
153617141,2.0,1.0
153617142,1.0,1.0
153617143,1.0,0.0
153618001,0.0,1.0
153618002,0.0,0.0
153618003,0.0,1.0
153618004,0.0,0.0
153618005,0.0,1.0
153618007,0.0,1.0
153618008,0.0,2.0
153618018,0.0,1.0
153618023,0.0,1.0
153618032,0.0,1.0
153618034,0.0,1.0
153618035,2.0,5.0
153618039,1.0,2.0
153618040,1.0,1.0
153618041,0.0,2.0
153618042,0.0,2.0
153618043,0.0,1.0
153618044,0.0,1.0
153618045,0.0,2.0
153618047,0.0,1.0
153618052,0.0,1.0
153618053,1.0,1.0
153618055,0.0,1.0
153618060,1.0,1.0
153618061,0.0,1.0
153618062,0.0,1.0
153618069,1.0,4.0
153618077,0.0,0.0
153618082,0.0,1.0
153618083,0.0,1.0
153618085,0.0,1.0
153618088,0.0,1.0
153618089,1.0,2.0
153618090,0.0,0.0
153618091,0.0,0.0
153619002,0.0,0.0
153619005,0.0,0.0
153619006,1.0,1.0
153619007,0.0,1.0
153619008,0.0,1.0
153619010,0.0,0.0
153619011,0.0,0.0
153619013,0.0,0.0
153619014,0.0,0.0
153619015,1.0,1.0
153619016,0.0,0.0
153619018,0.0,0.0
153619019,0.0,0.0
153619022,0.0,1.0
153619024,0.0,0.0
153619026,0.0,0.0
153619027,0.0,0.0
153619028,0.0,0.0
153619030,0.0,1.0
153619033,0.0,0.0
153619034,0.0,1.0
153619035,0.0,0.0
153619037,0.0,0.0
153619038,0.0,0.0
153619039,0.0,0.0
153619043,0.0,0.0
153620001,0.0,1.0
153620005,0.0,1.0
153620006,0.0,0.0
153620011,0.0,0.0
153620015,0.0,0.0
153620019,0.0,0.0
153620020,0.0,0.0
153620029,0.0,0.0
153620030,0.0,0.0
153620034,0.0,1.0
153620035,0.0,1.0
153620037,0.0,0.0
153620041,0.0,1.0
153620042,1.0,1.0
153620045,0.0,0.0
153620046,0.0,0.0
153620054,1.0,2.0
153620057,0.0,0.0
153621001,0.0,1.0
153621002,0.0,0.0
153621003,0.0,1.0
153621004,0.0,0.0
153621005,0.0,0.0
153621006,1.0,1.0
153621007,0.0,1.0
153621008,0.0,0.0
153621009,0.0,0.0
153621010,0.0,1.0
153621011,0.0,1.0
153621012,0.0,0.0
153621013,0.0,0.0
153621014,0.0,1.0
153621015,0.0,0.0
153621017,0.0,0.0
153621018,0.0,1.0
153621020,0.0,1.0
153621021,0.0,1.0
153621022,0.0,1.0
153621023,0.0,0.0
153621024,0.0,0.0
153621025,0.0,0.0
153621026,0.0,0.0
153621028,0.0,0.0
153621029,0.0,0.0
153621030,0.0,1.0
153621031,1.0,0.0
153621032,0.0,1.0
153621033,0.0,1.0
153621034,0.0,0.0
153621035,0.0,1.0
153621036,0.0,1.0
153621037,0.0,1.0
153621038,0.0,1.0
153621039,0.0,0.0
153621040,0.0,0.0
153622001,0.0,0.0
153622002,0.0,0.0
153622004,0.0,0.0
153622006,0.0,1.0
153622007,0.0,0.0
153622008,0.0,0.0
153622011,0.0,0.0
153622012,0.0,0.0
153622013,0.0,0.0
153622014,0.0,0.0
153622015,0.0,0.0
153622018,0.0,0.0
153622019,0.0,0.0
153622020,1.0,2.0
153622024,0.0,0.0
153622026,0.0,0.0
153622027,0.0,0.0
153622030,0.0,0.0
153622034,0.0,0.0
153622035,0.0,0.0
153622036,0.0,0.0
153622037,0.0,1.0
153622041,0.0,1.0
153622042,0.0,1.0
153622043,0.0,0.0
153623001,0.0,0.0
153623002,0.0,1.0
153623003,0.0,1.0
153623005,0.0,0.0
153623006,0.0,1.0
153623008,0.0,0.0
153623012,1.0,1.0
153623013,1.0,1.0
153623014,0.0,1.0
153623015,0.0,0.0
153623018,0.0,0.0
153623022,0.0,0.0
153623023,0.0,0.0
153623024,0.0,1.0
153623025,0.0,0.0
153623026,0.0,1.0
153623030,0.0,1.0
153623031,0.0,0.0
153623033,1.0,1.0
153623034,0.0,0.0
153623035,0.0,0.0
153623036,0.0,0.0
153623037,2.0,1.0
153624001,0.0,0.0
153624006,0.0,1.0
153624009,0.0,1.0
153624012,0.0,1.0
153624013,0.0,0.0
153624014,0.0,0.0
153624016,0.0,1.0
153624024,0.0,0.0
153624027,0.0,1.0
153624028,0.0,0.0
153624030,0.0,0.0
153624032,0.0,0.0
153624033,0.0,0.0
153624038,0.0,0.0
153624042,0.0,0.0
153624045,0.0,1.0
153624048,1.0,0.0
153624054,0.0,0.0
153624055,0.0,0.0
153624057,0.0,0.0
153624058,0.0,1.0
153624064,1.0,0.0
153624070,0.0,2.0
153624077,0.0,0.0
153624078,0.0,1.0
153624079,0.0,0.0
153624081,0.0,0.0
153624082,0.0,0.0
153624086,0.0,0.0
153624087,0.0,0.0
153624091,0.0,1.0
153624092,0.0,0.0
153624093,0.0,0.0
153624094,1.0,1.0
153624095,0.0,0.0
153625001,0.0,0.0
153625002,0.0,0.0
153625004,0.0,0.0
153625005,0.0,1.0
153625006,0.0,0.0
153625007,0.0,0.0
153625008,0.0,1.0
153625009,0.0,0.0
153625010,0.0,0.0
153625012,0.0,0.0
153625013,0.0,1.0
153625015,0.0,1.0
153625018,0.0,1.0
153625019,0.0,0.0
153625020,0.0,0.0
153625021,0.0,1.0
153625022,0.0,0.0
153625023,0.0,0.0
153625025,0.0,0.0
153625026,0.0,1.0
153625027,0.0,1.0
153625028,0.0,0.0
153625029,1.0,2.0
153625030,0.0,2.0
153625031,0.0,0.0
153625032,0.0,0.0
153625033,0.0,0.0
153625035,0.0,1.0
153625036,0.0,1.0
153625037,0.0,0.0
153626001,0.0,1.0
153626002,0.0,0.0
153626004,0.0,0.0
153626007,0.0,0.0
153626008,0.0,0.0
153626009,0.0,0.0
153626010,0.0,0.0
153626011,0.0,0.0
153626012,0.0,1.0
153626013,0.0,0.0
153626014,0.0,0.0
153626015,0.0,0.0
153626016,0.0,1.0
153626019,0.0,1.0
153626020,0.0,0.0
153626021,0.0,0.0
153626022,0.0,0.0
153626024,0.0,0.0
153626027,0.0,0.0
153626030,0.0,2.0
153626032,0.0,0.0
153626034,0.0,0.0
153626037,0.0,0.0
153626038,0.0,0.0
153626039,0.0,0.0
153626040,0.0,0.0
153626041,0.0,0.0
153626042,0.0,0.0
153626043,0.0,1.0
153626046,0.0,0.0
153626047,0.0,0.0
153626049,0.0,0.0
153626050,0.0,1.0
153626052,0.0,0.0
153626054,0.0,1.0
153626058,0.0,0.0
153626062,0.0,0.0
153626064,0.0,0.0
153626065,0.0,0.0
153626067,0.0,0.0
153626077,0.0,0.0
153626078,0.0,0.0
153626079,0.0,1.0
153626080,0.0,0.0
153627003,0.0,0.0
153627006,0.0,1.0
153627007,0.0,0.0
153627008,0.0,0.0
153627009,0.0,0.0
153627010,0.0,0.0
153627011,1.0,1.0
153627012,0.0,0.0
153627013,0.0,0.0
153627014,0.0,1.0
153627016,0.0,1.0
153627017,0.0,1.0
153627018,0.0,1.0
153627019,0.0,1.0
153627021,0.0,0.0
153627022,0.0,0.0
153627024,0.0,0.0
153627028,0.0,0.0
153627029,0.0,0.0
153627035,0.0,0.0
153627036,0.0,0.0
153627037,0.0,0.0
153627038,0.0,0.0
153627042,0.0,0.0
153627043,0.0,0.0
153627046,0.0,0.0
153627047,0.0,1.0
153627049,0.0,0.0
153627050,0.0,0.0
153627051,0.0,0.0
153627053,0.0,1.0
153627055,0.0,0.0
153627056,0.0,1.0
153627057,0.0,1.0
153627058,0.0,0.0
153627060,0.0,0.0
153627061,0.0,1.0
153627062,0.0,0.0
153627063,0.0,0.0
153627064,0.0,0.0
153627069,0.0,0.0
153627070,0.0,0.0
153627071,0.0,1.0
153628001,0.0,0.0
153628006,0.0,0.0
153628009,1.0,1.0
153628012,0.0,1.0
153628015,0.0,1.0
153628016,0.0,0.0
153628017,0.0,0.0
153628023,0.0,1.0
153628030,0.0,1.0
153628031,0.0,0.0
153628033,0.0,0.0
153628036,0.0,0.0
153628037,1.0,1.0
153628038,0.0,0.0
153628039,0.0,0.0
153628040,0.0,0.0
153628041,0.0,0.0
153628042,0.0,0.0
153628043,0.0,1.0
153628046,0.0,0.0
153628047,0.0,0.0
153629001,0.0,0.0
153629004,0.0,0.0
153629005,0.0,0.0
153629006,0.0,2.0
153629010,0.0,1.0
153629011,0.0,0.0
153629012,0.0,1.0
153629014,0.0,0.0
153629016,0.0,0.0
153629017,0.0,1.0
153629019,0.0,0.0
153629021,0.0,1.0
153629022,0.0,0.0
153629025,0.0,0.0
153629026,1.0,1.0
153629027,0.0,0.0
153629028,0.0,1.0
153629030,0.0,1.0
153629031,0.0,0.0
153629034,0.0,2.0
153629036,0.0,1.0
153629037,0.0,0.0
153629038,0.0,0.0
153630001,0.0,1.0
153630002,0.0,1.0
153630003,0.0,0.0
153630006,0.0,1.0
153630007,0.0,1.0
153630009,0.0,1.0
153630010,0.0,1.0
153630011,1.0,2.0
153630012,1.0,0.0
153630014,0.0,0.0
153630016,0.0,1.0
153630017,0.0,1.0
153630019,1.0,2.0
153630021,1.0,1.0
153630022,0.0,1.0
153630025,0.0,1.0
153630026,1.0,1.0
153630029,1.0,1.0
153630030,0.0,1.0
153630031,0.0,1.0
153630033,0.0,0.0
153630034,1.0,1.0
153630035,0.0,4.0
153630036,0.0,0.0
153630038,0.0,1.0
153630042,2.0,5.0
153631001,0.0,0.0
153631002,0.0,0.0
153631004,0.0,0.0
153631005,0.0,1.0
153631006,0.0,0.0
153631008,0.0,0.0
153631027,0.0,0.0
153631028,1.0,1.0
153631029,0.0,0.0
153631031,0.0,0.0
153631032,0.0,0.0
153632004,0.0,1.0
153632008,0.0,0.0
153632015,0.0,0.0
153632018,0.0,0.0
153632019,0.0,1.0
153632031,0.0,0.0
153632038,0.0,0.0
153632041,0.0,0.0
153632042,2.0,3.0
153632043,1.0,2.0
153632044,1.0,6.0
153632048,0.0,1.0
153632050,0.0,0.0
153632052,0.0,0.0
153632054,0.0,0.0
153632055,0.0,0.0
153632056,0.0,0.0
153633001,0.0,1.0
153633003,1.0,2.0
153633005,0.0,0.0
153633006,0.0,1.0
153633007,0.0,0.0
153633008,0.0,0.0
153633009,0.0,0.0
153633010,0.0,0.0
153633011,0.0,3.0
153633013,0.0,0.0
153633014,0.0,1.0
153633015,0.0,0.0
153633017,0.0,0.0
153633018,0.0,1.0
153633019,0.0,2.0
153633020,0.0,0.0
153633021,0.0,1.0
153633022,0.0,0.0
153633023,0.0,0.0
153633025,0.0,0.0
153633026,0.0,1.0
153633029,0.0,0.0
153633030,1.0,0.0
153633031,0.0,1.0
153633033,0.0,0.0
153633035,0.0,0.0
153633037,0.0,0.0
153633038,0.0,0.0
153633039,0.0,0.0
153633040,0.0,0.0
153633042,0.0,1.0
153633043,0.0,0.0
153633044,0.0,0.0
153634001,0.0,0.0
153634003,0.0,0.0
153634004,0.0,2.0
153634005,0.0,0.0
153634006,1.0,1.0
153634007,0.0,2.0
153634008,1.0,1.0
153634009,0.0,1.0
153634011,0.0,0.0
153634013,0.0,0.0
153634014,0.0,1.0
153634015,0.0,0.0
153634016,0.0,0.0
153634019,0.0,1.0
153634020,0.0,0.0
153634024,0.0,0.0
153634025,0.0,0.0
153634028,0.0,0.0
153634030,0.0,0.0
153634031,0.0,0.0
153634032,0.0,1.0
153635004,0.0,3.0
153635007,0.0,1.0
153635009,0.0,1.0
153635015,0.0,1.0
153635016,0.0,0.0
153635024,0.0,0.0
153635028,0.0,1.0
153635029,1.0,2.0
153635035,0.0,0.0
153635037,0.0,1.0
153635041,0.0,0.0
153635042,2.0,1.0
153635043,0.0,1.0
153635049,0.0,0.0
153635050,0.0,0.0
153635052,0.0,0.0
153635053,0.0,0.0
153635054,0.0,0.0
153635061,0.0,0.0
153636004,0.0,0.0
153636005,0.0,3.0
153636007,0.0,0.0
153636008,0.0,1.0
153636009,0.0,2.0
153636010,0.0,0.0
153636012,0.0,0.0
153636013,0.0,1.0
153636014,0.0,1.0
153636015,0.0,1.0
153636017,0.0,3.0
153636018,1.0,2.0
153636019,0.0,0.0
153636020,0.0,2.0
153636022,0.0,0.0
153636023,0.0,0.0
153636025,0.0,1.0
153636026,0.0,0.0
153810014,0.0,1.0
153810015,0.0,1.0
153810017,0.0,1.0
153810021,1.0,1.0
153810025,0.0,1.0
153811008,0.0,3.0
153811009,0.0,1.0
153811010,0.0,1.0
153811012,3.0,5.0
153811013,0.0,1.0
153811014,1.0,2.0
153811015,1.0,2.0
153811016,1.0,3.0
153819012,0.0,1.0
153819013,0.0,1.0
153819015,1.0,1.0
153819016,1.0,1.0
153819017,0.0,1.0
153819018,0.0,0.0
153819020,0.0,0.0
153819021,0.0,1.0
153819022,0.0,1.0
153820001,0.0,0.0
153820002,0.0,0.0
153820003,0.0,0.0
153820004,0.0,0.0
153820006,0.0,0.0
153820007,1.0,1.0
153820009,0.0,1.0
153820010,0.0,1.0
153820011,1.0,2.0
153820013,1.0,3.0
153820014,0.0,1.0
153820016,0.0,1.0
153820017,0.0,1.0
153820018,1.0,2.0
153821002,0.0,1.0
153821003,0.0,0.0
153636030,0.0,1.0
153636033,0.0,1.0
153636035,0.0,0.0
153636036,0.0,0.0
153637001,0.0,0.0
153637002,0.0,0.0
153637003,0.0,0.0
153637005,0.0,1.0
153637006,1.0,1.0
153637008,0.0,0.0
153637009,0.0,0.0
153637010,0.0,0.0
153637012,0.0,2.0
153637013,0.0,0.0
153637014,1.0,3.0
153637015,0.0,0.0
153637016,0.0,3.0
153637017,0.0,0.0
153637018,0.0,1.0
153637019,0.0,0.0
153637021,0.0,1.0
153638002,0.0,0.0
153638004,0.0,0.0
153638005,0.0,0.0
153638006,0.0,0.0
153638007,0.0,0.0
153638009,0.0,0.0
153638012,0.0,0.0
153638013,0.0,0.0
153638015,0.0,1.0
153638017,1.0,1.0
153638018,0.0,0.0
153638024,0.0,0.0
153638025,0.0,1.0
153638026,0.0,0.0
153638027,0.0,0.0
153638029,0.0,0.0
153638030,0.0,1.0
153638041,0.0,0.0
153638042,0.0,0.0
153639001,1.0,1.0
153639002,0.0,0.0
153639003,0.0,1.0
153639004,1.0,1.0
153639005,0.0,0.0
153639006,0.0,0.0
153639007,1.0,1.0
153639008,0.0,1.0
153639009,0.0,1.0
153639010,0.0,1.0
153639011,1.0,1.0
153639012,0.0,0.0
153639013,0.0,0.0
153639014,0.0,0.0
153639015,0.0,0.0
153640001,0.0,0.0
153640002,0.0,0.0
153640003,0.0,1.0
153640004,0.0,0.0
153640005,0.0,1.0
153640006,0.0,0.0
153640007,0.0,0.0
153641001,0.0,1.0
153641002,1.0,1.0
153641003,0.0,1.0
153641004,0.0,0.0
153641005,0.0,0.0
153641006,0.0,1.0
153641007,1.0,2.0
153641008,0.0,1.0
153641009,0.0,1.0
153801004,1.0,1.0
153801011,0.0,1.0
153801012,0.0,1.0
153801014,0.0,1.0
153801015,2.0,3.0
153801018,0.0,1.0
153801022,0.0,1.0
153801028,0.0,1.0
153801031,0.0,1.0
153801032,0.0,1.0
153801035,0.0,0.0
153802001,0.0,1.0
153802002,0.0,1.0
153802005,0.0,1.0
153802007,1.0,3.0
153802008,1.0,3.0
153802009,1.0,4.0
153802011,1.0,3.0
153802012,0.0,2.0
153802017,0.0,1.0
153802018,0.0,0.0
153802020,0.0,1.0
153802021,0.0,2.0
153802022,0.0,1.0
153802023,0.0,1.0
153802025,0.0,2.0
153803008,0.0,1.0
153803023,0.0,1.0
153803030,0.0,3.0
153803039,5.0,6.0
153803040,0.0,1.0
153803045,1.0,3.0
153803054,0.0,0.0
153805001,1.0,1.0
153805003,0.0,1.0
153805004,0.0,2.0
153805006,0.0,1.0
153805007,0.0,1.0
153805008,1.0,1.0
153805010,0.0,1.0
153805011,0.0,1.0
153805013,0.0,0.0
153805014,0.0,1.0
153805015,0.0,1.0
153805016,0.0,1.0
153805017,0.0,1.0
153805018,1.0,4.0
153805019,0.0,1.0
153805020,0.0,1.0
153805021,0.0,1.0
153805022,1.0,2.0
153805023,0.0,1.0
153805024,0.0,0.0
153805025,0.0,1.0
153805026,1.0,2.0
153805027,0.0,1.0
153806001,0.0,1.0
153806002,0.0,1.0
153806005,0.0,1.0
153806006,1.0,2.0
153806008,2.0,2.0
153806010,0.0,1.0
153806011,1.0,1.0
153806015,0.0,1.0
153806021,0.0,1.0
153806025,0.0,0.0
153806028,1.0,1.0
153806029,0.0,1.0
153806030,0.0,2.0
153806034,3.0,2.0
153806035,0.0,1.0
153806039,0.0,1.0
153807001,0.0,1.0
153807002,2.0,10.0
153807003,0.0,1.0
153807004,0.0,3.0
153807005,0.0,1.0
153807006,1.0,1.0
153807007,0.0,1.0
153807008,0.0,1.0
153807009,1.0,2.0
153807010,2.0,2.0
153807011,0.0,0.0
153807013,0.0,2.0
153807014,0.0,3.0
153807015,1.0,1.0
153807017,0.0,1.0
153807018,0.0,1.0
153807019,0.0,1.0
153807020,1.0,1.0
153807021,0.0,3.0
153807022,0.0,1.0
153807023,0.0,1.0
153807024,0.0,1.0
153807025,0.0,2.0
153807026,0.0,2.0
153807027,0.0,1.0
153807028,1.0,1.0
153807029,0.0,1.0
153807030,0.0,1.0
153807031,0.0,0.0
153807032,0.0,2.0
153807033,0.0,1.0
153807034,0.0,1.0
153807035,1.0,2.0
153807036,0.0,1.0
153808002,0.0,0.0
153808004,0.0,0.0
153808011,0.0,0.0
153808012,1.0,2.0
153808013,0.0,1.0
153808023,0.0,0.0
153808034,0.0,1.0
153808037,0.0,1.0
153808038,0.0,0.0
153808039,0.0,1.0
153808040,0.0,1.0
153808046,0.0,0.0
153808047,1.0,1.0
153809001,0.0,1.0
153809002,0.0,3.0
153809003,1.0,2.0
153809004,0.0,3.0
153809005,0.0,1.0
153809007,1.0,4.0
153809008,0.0,0.0
153809009,0.0,2.0
153810001,0.0,0.0
153810004,1.0,2.0
153810006,0.0,1.0
153810008,0.0,1.0
153810009,0.0,1.0
153810010,1.0,2.0
153810013,1.0,5.0
153811017,0.0,2.0
153811018,0.0,1.0
153811019,0.0,1.0
153811020,3.0,5.0
153811021,0.0,2.0
153811023,0.0,1.0
153811024,0.0,2.0
153811025,0.0,1.0
153811026,0.0,1.0
153811027,0.0,1.0
153811028,1.0,2.0
153811029,0.0,0.0
153811030,0.0,1.0
153811031,0.0,0.0
153811032,0.0,0.0
153811033,0.0,1.0
153811034,0.0,0.0
153812001,1.0,2.0
153812003,0.0,1.0
153812004,0.0,1.0
153812006,1.0,1.0
153812007,0.0,1.0
153812009,0.0,0.0
153812010,1.0,2.0
153812012,1.0,3.0
153812013,1.0,1.0
153812014,0.0,1.0
153812015,0.0,1.0
153812016,0.0,0.0
153812017,0.0,0.0
153812018,0.0,0.0
153812019,0.0,0.0
153812020,0.0,0.0
153812023,0.0,1.0
153812024,0.0,1.0
153812026,0.0,1.0
153812027,0.0,1.0
153812028,0.0,0.0
153812029,0.0,1.0
153812030,0.0,0.0
153812031,0.0,0.0
153812033,0.0,0.0
153812034,0.0,0.0
153812035,0.0,1.0
153812036,0.0,1.0
153812037,0.0,1.0
153812038,1.0,1.0
153812039,0.0,1.0
153812040,0.0,1.0
153812041,0.0,1.0
153812042,1.0,2.0
153812043,0.0,0.0
153812044,0.0,1.0
153812051,0.0,1.0
153812052,0.0,0.0
153812053,0.0,1.0
153813001,0.0,1.0
153813003,1.0,1.0
153813004,0.0,0.0
153813006,0.0,1.0
153813008,0.0,0.0
153813013,0.0,1.0
153813015,0.0,1.0
153813021,0.0,1.0
153813028,0.0,1.0
153813045,0.0,0.0
153813046,0.0,1.0
153813050,0.0,1.0
153814001,0.0,1.0
153814003,0.0,1.0
153814005,0.0,1.0
153814006,0.0,2.0
153814008,0.0,2.0
153814009,0.0,1.0
153814011,0.0,0.0
153814012,0.0,1.0
153814013,0.0,1.0
153814014,0.0,1.0
153814015,0.0,0.0
153814016,0.0,1.0
153814017,0.0,0.0
153814018,1.0,1.0
153814019,0.0,1.0
153814026,0.0,1.0
153814028,0.0,1.0
153815002,0.0,1.0
153815003,0.0,1.0
153815004,0.0,4.0
153815005,1.0,1.0
153815006,1.0,2.0
153815008,0.0,3.0
153815009,1.0,1.0
153815010,0.0,1.0
153815012,0.0,3.0
153815013,1.0,1.0
153815014,0.0,1.0
153815017,0.0,1.0
153815022,0.0,1.0
153815023,1.0,2.0
153815025,3.0,4.0
153815028,0.0,1.0
153815029,0.0,1.0
153815030,1.0,3.0
153815031,0.0,1.0
153815032,0.0,1.0
153815034,0.0,1.0
153815036,0.0,1.0
153815042,0.0,3.0
153816005,0.0,0.0
153816007,0.0,1.0
153816008,0.0,0.0
153816009,0.0,0.0
153816013,0.0,1.0
153816014,0.0,0.0
153816018,0.0,0.0
153816019,0.0,1.0
153816025,0.0,0.0
153816028,0.0,1.0
153816032,0.0,1.0
153816033,1.0,1.0
153816035,0.0,1.0
153816036,0.0,0.0
153816038,0.0,0.0
153817001,1.0,7.0
153817002,0.0,1.0
153817003,0.0,2.0
153817004,0.0,1.0
153817005,0.0,2.0
153817006,0.0,1.0
153817007,1.0,4.0
153817008,1.0,4.0
153817009,1.0,5.0
153817010,1.0,10.0
153817011,0.0,1.0
153818001,1.0,8.0
153818002,0.0,2.0
153818003,0.0,4.0
153818004,1.0,3.0
153818005,0.0,2.0
153818006,1.0,1.0
153818007,0.0,2.0
153818008,0.0,3.0
153818009,0.0,2.0
153818011,0.0,3.0
153818012,0.0,1.0
153818013,0.0,2.0
153818014,0.0,1.0
153819001,2.0,2.0
153819002,0.0,0.0
153819005,0.0,1.0
153819006,0.0,1.0
153819007,0.0,1.0
153819008,0.0,1.0
153819009,0.0,1.0
153819010,0.0,1.0
153819011,0.0,1.0
153821004,0.0,1.0
153821005,0.0,1.0
153821006,0.0,1.0
153821007,0.0,1.0
153821008,0.0,1.0
153821011,0.0,1.0
153821012,0.0,0.0
153822001,0.0,1.0
153822002,0.0,1.0
153822003,0.0,0.0
153822004,0.0,2.0
153822005,0.0,1.0
153822006,0.0,1.0
153822007,0.0,2.0
153822008,0.0,2.0
153822009,0.0,1.0
153822010,0.0,0.0
153822011,1.0,2.0
153823001,0.0,2.0
153823002,0.0,0.0
153823003,1.0,1.0
153823004,0.0,1.0
153823005,1.0,1.0
153823006,0.0,0.0
153823007,0.0,1.0
153823008,0.0,1.0
153824001,0.0,1.0
153824002,0.0,1.0
153824003,0.0,1.0
153824004,0.0,1.0
153824005,0.0,1.0
153824006,0.0,2.0
153824007,0.0,1.0
153824008,0.0,1.0
153824009,1.0,1.0
153824010,0.0,1.0
153824011,1.0,1.0
153824012,0.0,1.0
153824013,0.0,1.0
153825001,0.0,3.0
153825002,1.0,2.0
153825003,0.0,0.0
153825004,0.0,1.0
153825005,0.0,0.0
153825006,0.0,0.0
153825007,0.0,1.0
153825008,0.0,1.0
153825009,0.0,1.0
153825010,0.0,2.0
153825011,2.0,2.0
153826002,0.0,1.0
153826003,0.0,1.0
153826005,0.0,1.0
153826007,0.0,2.0
153826008,0.0,1.0
153826009,0.0,1.0
153826010,0.0,1.0
153826013,2.0,3.0
153827001,0.0,0.0
153827002,0.0,1.0
153827003,0.0,0.0
153827004,0.0,2.0
153827005,0.0,0.0
153827006,1.0,1.0
153827008,0.0,0.0
153827010,0.0,0.0
153828001,1.0,2.0
153828002,0.0,1.0
153828003,0.0,2.0
153828004,0.0,1.0
153828005,0.0,1.0
153828006,0.0,2.0
153828007,0.0,1.0
153828008,0.0,1.0
153828009,1.0,1.0
153828010,0.0,1.0
153829001,0.0,1.0
153829002,0.0,1.0
153829003,0.0,0.0
153829004,0.0,1.0
153829005,0.0,1.0
153829006,1.0,1.0
153829007,0.0,1.0
153829008,0.0,0.0
153829009,0.0,0.0
153829010,1.0,1.0
153829011,0.0,1.0
153830001,0.0,1.0
153830002,0.0,1.0
153830003,0.0,2.0
153830004,0.0,1.0
153830005,0.0,1.0
153830006,0.0,2.0
153830007,0.0,1.0
153830008,1.0,1.0
153830009,0.0,1.0
153830010,0.0,1.0
153830011,0.0,3.0
153830012,0.0,1.0
153830013,0.0,1.0
153831001,0.0,1.0
153831002,0.0,1.0
153831003,0.0,1.0
153831004,0.0,1.0
153831005,0.0,1.0
153831006,0.0,2.0
153831007,0.0,1.0
153832001,0.0,1.0
153832002,0.0,1.0
153832003,0.0,0.0
153832004,0.0,1.0
153832005,0.0,1.0
153832006,0.0,0.0
153832007,0.0,0.0
153832008,1.0,1.0
153833001,0.0,1.0
153833002,0.0,2.0
153833003,0.0,1.0
153833004,0.0,1.0
153833005,0.0,0.0
153833006,0.0,1.0
153833007,1.0,0.0
153833008,0.0,1.0
153834001,0.0,0.0
153834002,0.0,1.0
153834003,1.0,1.0
153834004,0.0,1.0
153834005,0.0,1.0
153834006,0.0,2.0
153834007,0.0,1.0
153834008,0.0,0.0
153834009,0.0,1.0
153834010,0.0,2.0
153834011,0.0,1.0
153835001,0.0,0.0
153835002,0.0,1.0
153835003,0.0,0.0
153835004,1.0,2.0
153835005,0.0,0.0
153835006,0.0,0.0
153835007,0.0,1.0
153835008,0.0,1.0
153835009,0.0,1.0
153835010,0.0,2.0
153835011,0.0,0.0
153836001,0.0,0.0
153836002,0.0,1.0
153836003,0.0,0.0
153836004,0.0,0.0
153836005,0.0,1.0
153836006,0.0,0.0
153836007,0.0,0.0
153836008,0.0,0.0
153836009,0.0,0.0
153836010,0.0,0.0
153836011,0.0,0.0
153836012,0.0,0.0
153836013,1.0,2.0
153836014,0.0,1.0
153836015,0.0,3.0
153836016,0.0,1.0
153836017,0.0,1.0
153837001,0.0,0.0
153837002,0.0,0.0
153837003,1.0,1.0
153837004,0.0,0.0
153837005,0.0,0.0
153837006,0.0,1.0
153837007,0.0,0.0
153837008,0.0,0.0
153837009,0.0,0.0
153837010,0.0,0.0
153837011,0.0,0.0
153837012,0.0,1.0
153837013,0.0,1.0
153837014,0.0,0.0
153837015,0.0,0.0
153837016,0.0,0.0
156608001,0.0,1.0
156608016,0.0,1.0
156618008,0.0,0.0
157006008,0.0,1.0
157009014,0.0,2.0
150713001,0.0,1.0
150713002,0.0,1.0
150713003,1.0,1.0
150713004,0.0,2.0
150713005,0.0,1.0
150713007,0.0,1.0
150713009,0.0,1.0
156606015,0.0,1.0
156608004,0.0,2.0
156608005,0.0,1.0
156608017,0.0,2.0
156608019,0.0,3.0
157006027,0.0,1.0
150702005,0.0,1.0
150702013,0.0,1.0
150702034,0.0,1.0
150702037,0.0,2.0
150702045,0.0,3.0
150702047,0.0,1.0
150702049,0.0,1.0
150702055,0.0,1.0
150702060,0.0,2.0
150705006,0.0,1.0
150705013,0.0,2.0
150705022,2.0,1.0
150705025,0.0,1.0
150705030,0.0,2.0
150705032,0.0,2.0
150705039,0.0,1.0
150705050,0.0,2.0
150713008,1.0,1.0
156608012,0.0,1.0
153818010,0.0,2.0
157005022,0.0,0.0
157004010,0.0,0.0
157003001,0.0,2.0
157003010,0.0,1.0
