Bgy_Code,labels
PH150704001,0 ns
PH150711001,0 ns
PH150709001,0 ns
PH150702001,0 ns
PH150703001,0 ns
PH150702002,0 ns
PH150713001,0 ns
PH150705001,0 ns
PH150706002,0 ns
PH150703018,0 ns
PH150706017,0 ns
PH150702004,0 ns
PH150705027,0 ns
PH150702005,0 ns
PH150713002,0 ns
PH150702006,0 ns
PH150702007,0 ns
PH150712001,0 ns
PH150706018,0 ns
PH150706038,0 ns
PH150705028,0 ns
PH150710001,0 ns
PH150702008,0 ns
PH150709002,0 ns
PH150704002,0 ns
PH150703003,0 ns
PH150702055,0 ns
PH150705002,0 ns
PH150705035,0 ns
PH150711002,0 ns
PH150709003,0 ns
PH150711003,0 ns
PH150706019,0 ns
PH150705036,0 ns
PH150706003,0 ns
PH150702054,0 ns
PH150702012,3 cold spot
PH150706004,0 ns
PH150702060,0 ns
PH150702013,0 ns
PH150707016,0 ns
PH150702010,0 ns
PH150702061,0 ns
PH150713003,0 ns
PH150702011,0 ns
PH150709004,0 ns
PH150713004,0 ns
PH150703019,0 ns
PH150702062,0 ns
PH150703004,0 ns
PH150705006,0 ns
PH150702014,0 ns
PH150710002,0 ns
PH150711004,0 ns
PH150705007,0 ns
PH150705029,0 ns
PH150705030,0 ns
PH150702016,0 ns
PH150708001,0 ns
PH150704003,0 ns
PH150703037,0 ns
PH150703026,0 ns
PH150702024,0 ns
PH150707034,0 ns
PH150709005,0 ns
PH150702018,0 ns
PH150710003,0 ns
PH150703027,0 ns
PH150702020,0 ns
PH150709006,0 ns
PH150711005,0 ns
PH150702056,0 ns
PH150712002,0 ns
PH150707021,0 ns
PH150705039,0 ns
PH150704016,0 ns
PH150704004,0 ns
PH150704005,0 ns
PH150709007,0 ns
PH150705010,0 ns
PH150709008,0 ns
PH150711006,0 ns
PH150707040,0 ns
PH150705041,0 ns
PH150705051,0 ns
PH150713005,1 hot spot
PH150709009,0 ns
PH150709010,0 ns
PH150709011,0 ns
PH150702025,0 ns
PH150706011,0 ns
PH150707005,0 ns
PH150713006,0 ns
PH150703029,0 ns
PH150710004,0 ns
PH150710005,0 ns
PH150710006,0 ns
PH150703007,0 ns
PH150703031,0 ns
PH150703030,0 ns
PH150702063,0 ns
PH150705024,0 ns
PH150706012,0 ns
PH150705042,0 ns
PH150704006,0 ns
PH150702028,0 ns
PH150708002,0 ns
PH150709012,0 ns
PH150702032,0 ns
PH150709013,0 ns
PH150708003,0 ns
PH150703024,0 ns
PH150703008,0 ns
PH150707028,0 ns
PH150707041,0 ns
PH150712003,0 ns
PH150705043,0 ns
PH150702035,0 ns
PH150702034,0 ns
PH150705031,0 ns
PH150703036,0 ns
PH150712004,1 hot spot
PH150709014,0 ns
PH150702064,0 ns
PH150709015,0 ns
PH150705032,0 ns
PH150707025,0 ns
PH150704007,0 ns
PH150704019,0 ns
PH150702065,1 hot spot
PH150702066,0 ns
PH150702067,0 ns
PH150702036,0 ns
PH150702037,0 ns
PH150712005,0 ns
PH150705013,0 ns
PH150705014,0 ns
PH150708004,0 ns
PH150708005,0 ns
PH150705044,0 ns
PH150703011,0 ns
PH150711007,0 ns
PH150702068,0 ns
PH150711008,0 ns
PH150702069,0 ns
PH150703012,0 ns
PH150705045,0 ns
PH150704008,0 ns
PH150708006,0 ns
PH150712006,0 ns
PH150703033,3 cold spot
PH150712007,1 hot spot
PH150703035,0 ns
PH150702039,0 ns
PH150703038,0 ns
PH150710007,0 ns
PH150711009,0 ns
PH150713007,0 ns
PH150704009,1 hot spot
PH150704010,0 ns
PH150704011,1 hot spot
PH150704012,1 hot spot
PH150704020,1 hot spot
PH150702057,0 ns
PH150705047,0 ns
PH150713008,0 ns
PH150712008,0 ns
PH150712009,0 ns
PH150709016,0 ns
PH150702045,0 ns
PH150705048,0 ns
PH150708007,0 ns
PH150702058,0 ns
PH150710008,1 hot spot
PH150710009,0 ns
PH150706030,0 ns
PH150702070,0 ns
PH150707010,0 ns
PH150703021,0 ns
PH150713009,0 ns
PH150713010,0 ns
PH150710010,0 ns
PH150705019,0 ns
PH150711010,0 ns
PH150703034,0 ns
PH150704015,0 ns
PH150707033,0 ns
PH150703016,4 high outlier
PH150713011,0 ns
PH150704017,0 ns
PH150702047,0 ns
PH150712010,0 ns
PH150705050,0 ns
PH150706016,0 ns
PH150713012,0 ns
PH150711011,0 ns
PH150705025,0 ns
PH150704013,0 ns
PH150704018,0 ns
PH150710011,0 ns
PH150705022,0 ns
PH150702049,0 ns
PH150702050,0 ns
PH150702059,0 ns
PH150711012,0 ns
PH150708008,0 ns
PH150703025,0 ns
PH150704021,0 ns
PH150703017,0 ns
PH150708009,0 ns
PH153603001,3 cold spot
PH153613001,3 cold spot
PH153618001,0 ns
PH153634001,3 cold spot
PH153625001,0 ns
PH153618003,0 ns
PH153612001,0 ns
PH153628001,3 cold spot
PH153618004,0 ns
PH153617001,0 ns
PH153617069,0 ns
PH153630001,0 ns
PH153601001,3 cold spot
PH153635054,3 cold spot
PH153621001,3 cold spot
PH153622001,0 ns
PH153620001,3 cold spot
PH153615018,0 ns
PH153610034,3 cold spot
PH153616001,0 ns
PH153613049,0 ns
PH153615003,0 ns
PH153640001,0 ns
PH153624042,3 cold spot
PH153624079,0 ns
PH153606012,3 cold spot
PH153633001,3 cold spot
PH153617003,0 ns
PH153611003,3 cold spot
PH153611004,3 cold spot
PH153616006,0 ns
PH153605001,3 cold spot
PH153623001,3 cold spot
PH153615004,0 ns
PH153628039,3 cold spot
PH153602050,3 cold spot
PH153601002,3 cold spot
PH153606002,3 cold spot
PH153609001,3 cold spot
PH153604003,3 cold spot
PH153613003,3 cold spot
PH153615006,0 ns
PH153624001,3 cold spot
PH153619043,3 cold spot
PH153621002,0 ns
PH153625002,3 cold spot
PH153629001,0 ns
PH153636004,3 cold spot
PH153638024,3 cold spot
PH153605002,3 cold spot
PH153631002,3 cold spot
PH153637002,0 ns
PH153604004,0 ns
PH153639001,0 ns
PH153614004,3 cold spot
PH153634003,3 cold spot
PH153636005,0 ns
PH153630002,0 ns
PH153634005,3 cold spot
PH153609002,3 cold spot
PH153614003,0 ns
PH153609032,3 cold spot
PH153634006,0 ns
PH153601004,0 ns
PH153631001,0 ns
PH153605003,0 ns
PH153626019,3 cold spot
PH153602002,0 ns
PH153620005,3 cold spot
PH153637003,3 cold spot
PH153615080,0 ns
PH153627003,3 cold spot
PH153604005,3 cold spot
PH153617006,0 ns
PH153630003,0 ns
PH153616105,0 ns
PH153617007,0 ns
PH153621003,3 cold spot
PH153617008,0 ns
PH153617009,0 ns
PH153619002,3 cold spot
PH153622002,0 ns
PH153626002,3 cold spot
PH153633003,3 cold spot
PH153641001,0 ns
PH153620006,3 cold spot
PH153633033,3 cold spot
PH153606003,3 cold spot
PH153621004,0 ns
PH153622004,0 ns
PH153638002,3 cold spot
PH153623002,3 cold spot
PH153611008,0 ns
PH153603007,0 ns
PH153635004,4 high outlier
PH153639002,0 ns
PH153624006,3 cold spot
PH153603008,0 ns
PH153609003,3 cold spot
PH153611009,3 cold spot
PH153602003,0 ns
PH153609033,3 cold spot
PH153601005,0 ns
PH153623003,3 cold spot
PH153605004,0 ns
PH153613006,3 cold spot
PH153621005,0 ns
PH153625018,0 ns
PH153617066,1 hot spot
PH153612008,0 ns
PH153606004,0 ns
PH153616106,0 ns
PH153606005,3 cold spot
PH153625004,0 ns
PH153613007,3 cold spot
PH153609004,0 ns
PH153634008,4 high outlier
PH153602004,0 ns
PH153611011,0 ns
PH153614005,3 cold spot
PH153609019,3 cold spot
PH153624009,3 cold spot
PH153607044,0 ns
PH153638004,3 cold spot
PH153626058,3 cold spot
PH153628006,0 ns
PH153641002,0 ns
PH153615019,0 ns
PH153617010,1 hot spot
PH153614006,3 cold spot
PH153604006,3 cold spot
PH153620011,3 cold spot
PH153604007,3 cold spot
PH153635007,0 ns
PH153631004,0 ns
PH153617012,0 ns
PH153617013,0 ns
PH153630007,0 ns
PH153621006,3 cold spot
PH153626001,3 cold spot
PH153617016,0 ns
PH153634004,3 cold spot
PH153631005,0 ns
PH153603054,3 cold spot
PH153623005,3 cold spot
PH153631006,3 cold spot
PH153639003,0 ns
PH153615017,0 ns
PH153603013,0 ns
PH153623006,3 cold spot
PH153627006,3 cold spot
PH153634007,0 ns
PH153627007,3 cold spot
PH153634009,3 cold spot
PH153617017,0 ns
PH153633042,3 cold spot
PH153634014,3 cold spot
PH153612011,0 ns
PH153611019,0 ns
PH153624013,3 cold spot
PH153629005,0 ns
PH153627009,3 cold spot
PH153618089,0 ns
PH153627010,0 ns
PH153627070,3 cold spot
PH153627011,3 cold spot
PH153627012,3 cold spot
PH153624012,3 cold spot
PH153627013,3 cold spot
PH153629006,0 ns
PH153627008,3 cold spot
PH153624014,3 cold spot
PH153627014,3 cold spot
PH153617048,0 ns
PH153619006,3 cold spot
PH153619007,3 cold spot
PH153619008,3 cold spot
PH153634011,0 ns
PH153601006,3 cold spot
PH153633005,3 cold spot
PH153633006,3 cold spot
PH153633025,3 cold spot
PH153603014,0 ns
PH153606006,3 cold spot
PH153623008,3 cold spot
PH153621009,3 cold spot
PH153622008,3 cold spot
PH153636007,0 ns
PH153624091,3 cold spot
PH153624054,3 cold spot
PH153624081,3 cold spot
PH153603009,3 cold spot
PH153634051,3 cold spot
PH153601007,0 ns
PH153605005,0 ns
PH153613008,3 cold spot
PH153619010,0 ns
PH153625037,0 ns
PH153633007,3 cold spot
PH153629004,0 ns
PH153634013,0 ns
PH153603011,0 ns
PH153624092,3 cold spot
PH153621010,3 cold spot
PH153604017,3 cold spot
PH153617021,0 ns
PH153612050,0 ns
PH153616107,0 ns
PH153604055,3 cold spot
PH153621007,3 cold spot
PH153614007,0 ns
PH153622006,3 cold spot
PH153617019,0 ns
PH153606008,0 ns
PH153619005,3 cold spot
PH153617015,1 hot spot
PH153621008,3 cold spot
PH153617022,0 ns
PH153617014,0 ns
PH153617023,0 ns
PH153632004,3 cold spot
PH153605006,0 ns
PH153627016,3 cold spot
PH153602006,0 ns
PH153612012,0 ns
PH153602022,0 ns
PH153622007,0 ns
PH153602019,0 ns
PH153635009,3 cold spot
PH153615081,0 ns
PH153633008,3 cold spot
PH153630006,0 ns
PH153640002,0 ns
PH153607012,0 ns
PH153617024,0 ns
PH153607013,0 ns
PH153613018,3 cold spot
PH153611020,0 ns
PH153614008,3 cold spot
PH153619011,3 cold spot
PH153626004,3 cold spot
PH153631008,0 ns
PH153615028,0 ns
PH153617025,1 hot spot
PH153636013,3 cold spot
PH153603015,3 cold spot
PH153625005,3 cold spot
PH153603016,0 ns
PH153617026,0 ns
PH153604009,3 cold spot
PH153613019,3 cold spot
PH153622011,0 ns
PH153631031,3 cold spot
PH153633009,3 cold spot
PH153636035,0 ns
PH153638005,0 ns
PH153627017,4 high outlier
PH153617027,0 ns
PH153625006,3 cold spot
PH153636008,3 cold spot
PH153636036,3 cold spot
PH153604027,3 cold spot
PH153604028,3 cold spot
PH153631009,0 ns
PH153631010,0 ns
PH153619013,3 cold spot
PH153632008,0 ns
PH153641003,0 ns
PH153615071,0 ns
PH153602007,0 ns
PH153611021,0 ns
PH153622012,0 ns
PH153641004,0 ns
PH153617029,0 ns
PH153617030,0 ns
PH153615029,0 ns
PH153631032,3 cold spot
PH153622013,0 ns
PH153634015,3 cold spot
PH153616022,0 ns
PH153616009,0 ns
PH153616018,0 ns
PH153634016,3 cold spot
PH153628012,3 cold spot
PH153615020,0 ns
PH153609034,0 ns
PH153629010,0 ns
PH153609005,3 cold spot
PH153631011,0 ns
PH153627018,3 cold spot
PH153618002,3 cold spot
PH153627019,3 cold spot
PH153611026,0 ns
PH153606011,0 ns
PH153636009,3 cold spot
PH153616025,0 ns
PH153616005,3 cold spot
PH153616035,0 ns
PH153616040,0 ns
PH153629011,0 ns
PH153630009,0 ns
PH153615021,0 ns
PH153630010,0 ns
PH153607016,0 ns
PH153637005,0 ns
PH153625008,0 ns
PH153604012,0 ns
PH153615022,0 ns
PH153604013,3 cold spot
PH153610003,0 ns
PH153619014,3 cold spot
PH153611027,0 ns
PH153616026,0 ns
PH153603021,3 cold spot
PH153603022,3 cold spot
PH153624024,3 cold spot
PH153612017,0 ns
PH153638006,3 cold spot
PH153639004,0 ns
PH153617033,1 hot spot
PH153636010,3 cold spot
PH153612018,3 cold spot
PH153619016,0 ns
PH153606054,3 cold spot
PH153612021,0 ns
PH153618023,3 cold spot
PH153613012,3 cold spot
PH153629012,0 ns
PH153624027,3 cold spot
PH153617035,0 ns
PH153619018,3 cold spot
PH153633010,3 cold spot
PH153605009,0 ns
PH153623012,3 cold spot
PH153609031,0 ns
PH153623013,3 cold spot
PH153601010,0 ns
PH153624028,0 ns
PH153626062,0 ns
PH153627021,3 cold spot
PH153617080,0 ns
PH153617036,0 ns
PH153633043,3 cold spot
PH153628015,0 ns
PH153617037,0 ns
PH153613015,0 ns
PH153611031,0 ns
PH153615023,0 ns
PH153623014,3 cold spot
PH153613013,3 cold spot
PH153620015,3 cold spot
PH153606023,3 cold spot
PH153613014,3 cold spot
PH153603024,0 ns
PH153614010,3 cold spot
PH153606014,3 cold spot
PH153601008,3 cold spot
PH153610029,3 cold spot
PH153627022,3 cold spot
PH153603025,0 ns
PH153622015,0 ns
PH153624030,0 ns
PH153625009,3 cold spot
PH153626007,0 ns
PH153641005,3 cold spot
PH153634019,0 ns
PH153607019,0 ns
PH153610030,3 cold spot
PH153625031,3 cold spot
PH153629014,0 ns
PH153634020,3 cold spot
PH153636012,3 cold spot
PH153611035,3 cold spot
PH153610007,3 cold spot
PH153638007,3 cold spot
PH153617039,1 hot spot
PH153641006,3 cold spot
PH153606015,3 cold spot
PH153603026,0 ns
PH153619019,3 cold spot
PH153606058,3 cold spot
PH153622014,0 ns
PH153627024,3 cold spot
PH153606017,3 cold spot
PH153610008,0 ns
PH153628016,3 cold spot
PH153640003,0 ns
PH153606019,3 cold spot
PH153601009,0 ns
PH153631012,0 ns
PH153633044,3 cold spot
PH153636015,0 ns
PH153624032,3 cold spot
PH153607022,0 ns
PH153622018,0 ns
PH153610009,0 ns
PH153617040,0 ns
PH153617042,0 ns
PH153635015,3 cold spot
PH153617043,0 ns
PH153630011,0 ns
PH153617044,0 ns
PH153630012,0 ns
PH153617045,0 ns
PH153637006,3 cold spot
PH153621011,3 cold spot
PH153613016,3 cold spot
PH153609006,3 cold spot
PH153610035,0 ns
PH153611039,3 cold spot
PH153617046,0 ns
PH153622019,0 ns
PH153623015,3 cold spot
PH153624033,3 cold spot
PH153625010,3 cold spot
PH153628040,3 cold spot
PH153617068,0 ns
PH153611040,0 ns
PH153611041,0 ns
PH153601011,3 cold spot
PH153604054,3 cold spot
PH153627028,3 cold spot
PH153628041,3 cold spot
PH153632015,3 cold spot
PH153633011,0 ns
PH153630014,0 ns
PH153638009,3 cold spot
PH153626064,3 cold spot
PH153618032,0 ns
PH153618034,3 cold spot
PH153609007,3 cold spot
PH153620019,3 cold spot
PH153628017,3 cold spot
PH153606022,3 cold spot
PH153619022,3 cold spot
PH153617049,0 ns
PH153601012,3 cold spot
PH153613017,3 cold spot
PH153629016,0 ns
PH153602008,0 ns
PH153634024,3 cold spot
PH153602051,0 ns
PH153601013,0 ns
PH153604014,3 cold spot
PH153616108,0 ns
PH153614032,3 cold spot
PH153619024,3 cold spot
PH153620020,3 cold spot
PH153621040,3 cold spot
PH153627029,3 cold spot
PH153635016,3 cold spot
PH153621013,3 cold spot
PH153615027,3 cold spot
PH153603027,0 ns
PH153605010,0 ns
PH153623018,3 cold spot
PH153638012,0 ns
PH153632019,3 cold spot
PH153632018,0 ns
PH153639005,0 ns
PH153616023,0 ns
PH153616109,3 cold spot
PH153616047,0 ns
PH153615072,0 ns
PH153639006,0 ns
PH153636017,3 cold spot
PH153630016,0 ns
PH153630017,0 ns
PH153633013,3 cold spot
PH153620057,0 ns
PH153621014,0 ns
PH153618090,3 cold spot
PH153638013,0 ns
PH153603018,3 cold spot
PH153617051,0 ns
PH153639007,0 ns
PH153610025,0 ns
PH153610026,0 ns
PH153611044,0 ns
PH153633014,3 cold spot
PH153621012,3 cold spot
PH153630019,0 ns
PH153616036,0 ns
PH153605011,3 cold spot
PH153638015,0 ns
PH153634025,3 cold spot
PH153610031,0 ns
PH153617052,0 ns
PH153630021,0 ns
PH153630022,0 ns
PH153638017,3 cold spot
PH153610032,0 ns
PH153619026,3 cold spot
PH153638018,3 cold spot
PH153613010,3 cold spot
PH153617032,0 ns
PH153618040,0 ns
PH153618008,0 ns
PH153614011,0 ns
PH153602010,0 ns
PH153603029,0 ns
PH153626008,3 cold spot
PH153611046,0 ns
PH153612024,3 cold spot
PH153604011,3 cold spot
PH153604015,3 cold spot
PH153604053,3 cold spot
PH153601014,3 cold spot
PH153611047,0 ns
PH153619027,3 cold spot
PH153637008,0 ns
PH153615034,0 ns
PH153636014,0 ns
PH153618041,0 ns
PH153603055,3 cold spot
PH153613040,3 cold spot
PH153614012,3 cold spot
PH153622024,0 ns
PH153635024,0 ns
PH153613021,3 cold spot
PH153601015,3 cold spot
PH153637009,0 ns
PH153610036,0 ns
PH153612052,3 cold spot
PH153613022,3 cold spot
PH153603031,0 ns
PH153619028,0 ns
PH153634052,3 cold spot
PH153617057,0 ns
PH153634048,0 ns
PH153619030,3 cold spot
PH153617058,1 hot spot
PH153626009,3 cold spot
PH153626077,3 cold spot
PH153603033,3 cold spot
PH153625013,0 ns
PH153624045,0 ns
PH153604018,3 cold spot
PH153613023,3 cold spot
PH153625012,0 ns
PH153626010,3 cold spot
PH153611052,0 ns
PH153621015,0 ns
PH153620054,0 ns
PH153613024,3 cold spot
PH153609009,0 ns
PH153614013,0 ns
PH153623022,3 cold spot
PH153626011,3 cold spot
PH153604019,3 cold spot
PH153626013,3 cold spot
PH153604020,3 cold spot
PH153611054,0 ns
PH153617060,1 hot spot
PH153618043,3 cold spot
PH153602027,0 ns
PH153602029,0 ns
PH153616044,0 ns
PH153632031,3 cold spot
PH153627035,3 cold spot
PH153627056,3 cold spot
PH153602052,3 cold spot
PH153605012,0 ns
PH153604021,3 cold spot
PH153612028,3 cold spot
PH153609010,3 cold spot
PH153613041,0 ns
PH153622026,0 ns
PH153623023,3 cold spot
PH153626065,3 cold spot
PH153633015,3 cold spot
PH153629019,0 ns
PH153634028,3 cold spot
PH153640004,0 ns
PH153619034,3 cold spot
PH153611055,0 ns
PH153612029,0 ns
PH153627036,3 cold spot
PH153627037,3 cold spot
PH153604010,3 cold spot
PH153641007,0 ns
PH153616039,0 ns
PH153603035,3 cold spot
PH153617063,0 ns
PH153627038,3 cold spot
PH153625007,3 cold spot
PH153603036,0 ns
PH153634056,3 cold spot
PH153614014,3 cold spot
PH153618091,0 ns
PH153619033,3 cold spot
PH153622027,0 ns
PH153626014,3 cold spot
PH153626016,3 cold spot
PH153617062,0 ns
PH153621017,0 ns
PH153617064,0 ns
PH153601016,0 ns
PH153609029,3 cold spot
PH153626015,3 cold spot
PH153633017,0 ns
PH153633018,3 cold spot
PH153624048,3 cold spot
PH153625015,0 ns
PH153603032,0 ns
PH153612032,0 ns
PH153633037,3 cold spot
PH153639008,0 ns
PH153615038,0 ns
PH153618044,0 ns
PH153609011,0 ns
PH153618045,0 ns
PH153612033,3 cold spot
PH153610037,0 ns
PH153605014,0 ns
PH153611058,0 ns
PH153609012,3 cold spot
PH153618047,0 ns
PH153602032,0 ns
PH153618053,3 cold spot
PH153615073,0 ns
PH153614019,3 cold spot
PH153601018,0 ns
PH153606027,3 cold spot
PH153622030,0 ns
PH153634030,0 ns
PH153620029,3 cold spot
PH153605015,3 cold spot
PH153612034,0 ns
PH153615082,0 ns
PH153613025,3 cold spot
PH153619035,3 cold spot
PH153628042,0 ns
PH153634031,3 cold spot
PH153635028,0 ns
PH153603037,3 cold spot
PH153618052,0 ns
PH153605016,3 cold spot
PH153634032,0 ns
PH153602011,0 ns
PH153602012,3 cold spot
PH153618005,3 cold spot
PH153618007,0 ns
PH153629021,0 ns
PH153626022,0 ns
PH153638030,3 cold spot
PH153605017,0 ns
PH153624055,3 cold spot
PH153626020,3 cold spot
PH153635029,0 ns
PH153628043,0 ns
PH153603056,0 ns
PH153630025,0 ns
PH153640005,0 ns
PH153623024,3 cold spot
PH153617065,0 ns
PH153638025,3 cold spot
PH153638026,0 ns
PH153604024,3 cold spot
PH153625019,0 ns
PH153626021,3 cold spot
PH153610017,0 ns
PH153606028,3 cold spot
PH153634033,3 cold spot
PH153607063,0 ns
PH153627042,3 cold spot
PH153634053,3 cold spot
PH153634054,0 ns
PH153638027,3 cold spot
PH153621018,3 cold spot
PH153633019,3 cold spot
PH153618055,0 ns
PH153615043,0 ns
PH153624057,3 cold spot
PH153627071,3 cold spot
PH153615044,0 ns
PH153630026,0 ns
PH153637010,3 cold spot
PH153631015,3 cold spot
PH153616051,0 ns
PH153631016,3 cold spot
PH153604025,3 cold spot
PH153611065,4 high outlier
PH153620030,0 ns
PH153625020,3 cold spot
PH153629022,0 ns
PH153635035,0 ns
PH153636019,0 ns
PH153611066,3 cold spot
PH153624058,0 ns
PH153618018,0 ns
PH153638029,0 ns
PH153617141,0 ns
PH153626078,3 cold spot
PH153611077,0 ns
PH153617070,0 ns
PH153617071,1 hot spot
PH153631017,0 ns
PH153631018,0 ns
PH153627043,3 cold spot
PH153615047,0 ns
PH153623025,3 cold spot
PH153605018,3 cold spot
PH153609027,0 ns
PH153627046,3 cold spot
PH153606030,3 cold spot
PH153615074,4 high outlier
PH153602053,0 ns
PH153615070,3 cold spot
PH153616054,0 ns
PH153617072,1 hot spot
PH153606031,3 cold spot
PH153602054,0 ns
PH153618061,3 cold spot
PH153639009,0 ns
PH153615075,0 ns
PH153616055,0 ns
PH153616097,0 ns
PH153616110,0 ns
PH153631020,0 ns
PH153621020,3 cold spot
PH153628046,3 cold spot
PH153606032,3 cold spot
PH153635037,0 ns
PH153630029,0 ns
PH153604022,3 cold spot
PH153632038,0 ns
PH153635061,0 ns
PH153630030,0 ns
PH153612035,0 ns
PH153626067,3 cold spot
PH153633020,0 ns
PH153611098,3 cold spot
PH153628023,3 cold spot
PH153639010,0 ns
PH153636020,3 cold spot
PH153626024,3 cold spot
PH153625021,0 ns
PH153617075,0 ns
PH153618062,3 cold spot
PH153602013,0 ns
PH153617076,1 hot spot
PH153617077,1 hot spot
PH153615049,3 cold spot
PH153606033,3 cold spot
PH153627047,3 cold spot
PH153617079,0 ns
PH153618039,3 cold spot
PH153630031,0 ns
PH153636018,3 cold spot
PH153602014,0 ns
PH153625022,0 ns
PH153637012,3 cold spot
PH153616059,0 ns
PH153617083,1 hot spot
PH153626027,3 cold spot
PH153632041,0 ns
PH153620034,4 high outlier
PH153617142,1 hot spot
PH153623026,3 cold spot
PH153603041,0 ns
PH153626012,0 ns
PH153605019,0 ns
PH153621021,3 cold spot
PH153617085,0 ns
PH153641008,0 ns
PH153601019,0 ns
PH153631021,3 cold spot
PH153620035,3 cold spot
PH153613050,0 ns
PH153603042,0 ns
PH153627049,3 cold spot
PH153625023,0 ns
PH153628047,3 cold spot
PH153629025,0 ns
PH153637014,3 cold spot
PH153605020,4 high outlier
PH153617086,0 ns
PH153626079,3 cold spot
PH153634037,3 cold spot
PH153609013,3 cold spot
PH153610018,3 cold spot
PH153630033,0 ns
PH153632042,0 ns
PH153640006,0 ns
PH153616061,0 ns
PH153624016,3 cold spot
PH153624038,3 cold spot
PH153624093,3 cold spot
PH153624064,3 cold spot
PH153606035,3 cold spot
PH153603043,3 cold spot
PH153611070,3 cold spot
PH153613026,3 cold spot
PH153617089,0 ns
PH153626032,3 cold spot
PH153614033,0 ns
PH153637013,3 cold spot
PH153603044,3 cold spot
PH153620037,3 cold spot
PH153631023,0 ns
PH153628030,3 cold spot
PH153621022,0 ns
PH153606037,3 cold spot
PH153604030,3 cold spot
PH153616102,3 cold spot
PH153614016,3 cold spot
PH153621023,3 cold spot
PH153621024,3 cold spot
PH153633021,3 cold spot
PH153604031,3 cold spot
PH153604032,3 cold spot
PH153625025,3 cold spot
PH153609053,0 ns
PH153606038,3 cold spot
PH153630034,0 ns
PH153634038,3 cold spot
PH153629026,0 ns
PH153614034,0 ns
PH153609051,0 ns
PH153625026,0 ns
PH153617090,1 hot spot
PH153609014,3 cold spot
PH153632043,0 ns
PH153618069,4 high outlier
PH153622034,0 ns
PH153625027,3 cold spot
PH153609052,3 cold spot
PH153610038,0 ns
PH153614017,3 cold spot
PH153621025,3 cold spot
PH153625028,0 ns
PH153632044,3 cold spot
PH153636022,0 ns
PH153617074,0 ns
PH153609015,0 ns
PH153605021,3 cold spot
PH153606039,3 cold spot
PH153604033,3 cold spot
PH153612038,3 cold spot
PH153614018,0 ns
PH153621026,3 cold spot
PH153603006,3 cold spot
PH153617097,0 ns
PH153617143,0 ns
PH153609016,4 high outlier
PH153604034,3 cold spot
PH153610019,0 ns
PH153617098,0 ns
PH153621028,0 ns
PH153613043,3 cold spot
PH153630035,0 ns
PH153631024,3 cold spot
PH153615053,0 ns
PH153616063,0 ns
PH153617099,0 ns
PH153604035,3 cold spot
PH153625029,0 ns
PH153625030,4 high outlier
PH153612051,0 ns
PH153606041,3 cold spot
PH153637015,3 cold spot
PH153615078,0 ns
PH153631026,0 ns
PH153605022,3 cold spot
PH153626034,3 cold spot
PH153605023,0 ns
PH153612039,0 ns
PH153632048,0 ns
PH153634041,0 ns
PH153630036,0 ns
PH153626030,3 cold spot
PH153620041,3 cold spot
PH153639011,0 ns
PH153601020,3 cold spot
PH153602055,3 cold spot
PH153634057,3 cold spot
PH153605024,0 ns
PH153606059,3 cold spot
PH153607041,0 ns
PH153609017,0 ns
PH153610033,0 ns
PH153619037,3 cold spot
PH153617101,0 ns
PH153621029,3 cold spot
PH153627050,3 cold spot
PH153625032,0 ns
PH153632050,3 cold spot
PH153633022,3 cold spot
PH153635041,0 ns
PH153636023,3 cold spot
PH153629027,0 ns
PH153629028,0 ns
PH153626080,3 cold spot
PH153627051,3 cold spot
PH153636025,0 ns
PH153602015,0 ns
PH153605025,0 ns
PH153609018,4 high outlier
PH153616111,0 ns
PH153613027,3 cold spot
PH153625033,4 high outlier
PH153637001,3 cold spot
PH153602039,0 ns
PH153603005,0 ns
PH153604056,3 cold spot
PH153606007,3 cold spot
PH153628009,3 cold spot
PH153619015,3 cold spot
PH153622020,4 high outlier
PH153629017,0 ns
PH153610012,3 cold spot
PH153620042,0 ns
PH153612043,0 ns
PH153601021,0 ns
PH153626037,3 cold spot
PH153601022,0 ns
PH153626038,3 cold spot
PH153626039,3 cold spot
PH153626040,0 ns
PH153636026,0 ns
PH153607045,0 ns
PH153606045,3 cold spot
PH153624070,3 cold spot
PH153628031,3 cold spot
PH153616071,0 ns
PH153617103,0 ns
PH153604036,3 cold spot
PH153623030,0 ns
PH153611078,0 ns
PH153633023,3 cold spot
PH153617105,0 ns
PH153635042,0 ns
PH153606060,0 ns
PH153613028,3 cold spot
PH153614020,3 cold spot
PH153622035,3 cold spot
PH153632052,0 ns
PH153637016,3 cold spot
PH153616072,0 ns
PH153631027,3 cold spot
PH153602016,0 ns
PH153629030,0 ns
PH153618060,0 ns
PH153613044,3 cold spot
PH153621030,3 cold spot
PH153621031,3 cold spot
PH153607046,0 ns
PH153622036,0 ns
PH153634045,3 cold spot
PH153633038,3 cold spot
PH153633039,3 cold spot
PH153633040,3 cold spot
PH153606048,3 cold spot
PH153624077,3 cold spot
PH153624078,3 cold spot
PH153635043,0 ns
PH153637017,3 cold spot
PH153620045,3 cold spot
PH153604037,3 cold spot
PH153621039,0 ns
PH153624082,3 cold spot
PH153617107,0 ns
PH153601023,3 cold spot
PH153607047,0 ns
PH153603046,0 ns
PH153613029,3 cold spot
PH153629031,0 ns
PH153626042,3 cold spot
PH153633035,3 cold spot
PH153604038,3 cold spot
PH153617109,0 ns
PH153617110,0 ns
PH153626041,3 cold spot
PH153617111,1 hot spot
PH153626043,3 cold spot
PH153615059,3 cold spot
PH153628033,0 ns
PH153604039,3 cold spot
PH153613030,3 cold spot
PH153627053,3 cold spot
PH153622037,0 ns
PH153622042,0 ns
PH153606049,3 cold spot
PH153623031,3 cold spot
PH153631028,3 cold spot
PH153617113,0 ns
PH153617112,0 ns
PH153601024,0 ns
PH153620046,3 cold spot
PH153611079,0 ns
PH153611081,0 ns
PH153634055,3 cold spot
PH153617116,0 ns
PH153617117,1 hot spot
PH153613031,3 cold spot
PH153617118,1 hot spot
PH153617119,0 ns
PH153637019,0 ns
PH153637018,3 cold spot
PH153611082,0 ns
PH153639012,0 ns
PH153606051,3 cold spot
PH153603047,3 cold spot
PH153619038,3 cold spot
PH153627055,3 cold spot
PH153625035,0 ns
PH153611083,0 ns
PH153613032,3 cold spot
PH153626046,3 cold spot
PH153627057,3 cold spot
PH153618077,3 cold spot
PH153607051,0 ns
PH153626047,0 ns
PH153604041,3 cold spot
PH153627058,3 cold spot
PH153607052,0 ns
PH153617120,1 hot spot
PH153604040,3 cold spot
PH153621032,3 cold spot
PH153633026,0 ns
PH153615061,0 ns
PH153631029,0 ns
PH153611085,3 cold spot
PH153618035,0 ns
PH153609030,3 cold spot
PH153630038,0 ns
PH153638041,3 cold spot
PH153639013,0 ns
PH153627061,3 cold spot
PH153604042,3 cold spot
PH153636030,0 ns
PH153613051,0 ns
PH153609020,0 ns
PH153605028,0 ns
PH153617123,0 ns
PH153627060,3 cold spot
PH153617124,2 low outlier
PH153619039,3 cold spot
PH153601025,3 cold spot
PH153604043,3 cold spot
PH153613033,0 ns
PH153629034,0 ns
PH153629036,0 ns
PH153617125,0 ns
PH153604044,3 cold spot
PH153624094,3 cold spot
PH153604045,3 cold spot
PH153629037,0 ns
PH153615079,0 ns
PH153637021,0 ns
PH153607056,0 ns
PH153624086,3 cold spot
PH153627063,3 cold spot
PH153625036,0 ns
PH153606052,3 cold spot
PH153611089,0 ns
PH153627062,3 cold spot
PH153627064,0 ns
PH153606053,3 cold spot
PH153609021,0 ns
PH153639014,0 ns
PH153615063,0 ns
PH153616083,0 ns
PH153609022,0 ns
PH153638042,3 cold spot
PH153604046,0 ns
PH153632054,0 ns
PH153640007,0 ns
PH153622041,3 cold spot
PH153621033,0 ns
PH153632055,0 ns
PH153609023,3 cold spot
PH153611091,0 ns
PH153603050,3 cold spot
PH153626049,3 cold spot
PH153624087,3 cold spot
PH153618042,0 ns
PH153605030,0 ns
PH153612048,0 ns
PH153632056,3 cold spot
PH153615064,0 ns
PH153601026,3 cold spot
PH153614023,3 cold spot
PH153621034,3 cold spot
PH153623033,3 cold spot
PH153618082,0 ns
PH153611094,0 ns
PH153623034,3 cold spot
PH153617126,1 hot spot
PH153613034,3 cold spot
PH153604047,3 cold spot
PH153633029,3 cold spot
PH153628036,3 cold spot
PH153629038,0 ns
PH153604048,3 cold spot
PH153603052,3 cold spot
PH153621035,3 cold spot
PH153622043,0 ns
PH153621036,0 ns
PH153633030,3 cold spot
PH153602056,3 cold spot
PH153626050,3 cold spot
PH153626052,3 cold spot
PH153621037,3 cold spot
PH153607062,0 ns
PH153617127,0 ns
PH153605033,3 cold spot
PH153615066,3 cold spot
PH153607060,0 ns
PH153617131,1 hot spot
PH153618085,0 ns
PH153603051,0 ns
PH153604050,3 cold spot
PH153623036,3 cold spot
PH153604051,3 cold spot
PH153613035,3 cold spot
PH153617137,0 ns
PH153611096,3 cold spot
PH153604052,3 cold spot
PH153635049,0 ns
PH153617133,0 ns
PH153618083,0 ns
PH153641009,3 cold spot
PH153635050,0 ns
PH153614022,3 cold spot
PH153628037,3 cold spot
PH153615068,0 ns
PH153626054,3 cold spot
PH153605034,0 ns
PH153614025,0 ns
PH153617134,0 ns
PH153635052,0 ns
PH153604049,0 ns
PH153617129,0 ns
PH153616112,0 ns
PH153617136,0 ns
PH153623035,3 cold spot
PH153633031,3 cold spot
PH153603053,0 ns
PH153601027,0 ns
PH153601028,0 ns
PH153614031,3 cold spot
PH153627069,3 cold spot
PH153611097,0 ns
PH153635053,0 ns
PH153621038,3 cold spot
PH153613036,3 cold spot
PH153618088,3 cold spot
PH153639015,0 ns
PH153602043,0 ns
PH153624095,0 ns
PH153614027,4 high outlier
PH153628038,3 cold spot
PH153636033,3 cold spot
PH153617138,0 ns
PH153617139,0 ns
PH153630042,0 ns
PH153623037,3 cold spot
PH153831001,0 ns
PH153825001,0 ns
PH153812001,0 ns
PH153805001,0 ns
PH153806001,3 cold spot
PH153836001,3 cold spot
PH153806002,0 ns
PH153807001,0 ns
PH153802001,0 ns
PH153836002,0 ns
PH153813001,0 ns
PH153802002,0 ns
PH153807002,1 hot spot
PH153807003,0 ns
PH153819001,0 ns
PH153825002,0 ns
PH153807004,1 hot spot
PH153810001,0 ns
PH153808002,0 ns
PH153814001,0 ns
PH153820001,0 ns
PH153829001,0 ns
PH153807005,0 ns
PH153837001,0 ns
PH153829002,0 ns
PH153806005,0 ns
PH153836003,0 ns
PH153822001,1 hot spot
PH153806006,0 ns
PH153834001,0 ns
PH153824001,1 hot spot
PH153828001,0 ns
PH153812003,0 ns
PH153815028,0 ns
PH153812004,1 hot spot
PH153818001,1 hot spot
PH153813003,0 ns
PH153815003,2 low outlier
PH153809001,0 ns
PH153809002,1 hot spot
PH153807006,1 hot spot
PH153808004,0 ns
PH153817002,0 ns
PH153816028,0 ns
PH153816032,0 ns
PH153821002,1 hot spot
PH153807007,0 ns
PH153815004,1 hot spot
PH153816005,0 ns
PH153824002,1 hot spot
PH153805017,0 ns
PH153817003,0 ns
PH153811014,0 ns
PH153807008,0 ns
PH153815002,1 hot spot
PH153831002,1 hot spot
PH153818002,0 ns
PH153806008,0 ns
PH153836004,0 ns
PH153815005,0 ns
PH153809003,1 hot spot
PH153809004,1 hot spot
PH153807009,0 ns
PH153812006,1 hot spot
PH153827001,0 ns
PH153812007,0 ns
PH153810004,1 hot spot
PH153822002,0 ns
PH153805018,0 ns
PH153813004,0 ns
PH153819002,0 ns
PH153822003,1 hot spot
PH153824003,0 ns
PH153815006,0 ns
PH153814026,0 ns
PH153836005,0 ns
PH153802005,0 ns
PH153802007,0 ns
PH153812009,1 hot spot
PH153823005,0 ns
PH153811031,1 hot spot
PH153807010,1 hot spot
PH153811027,0 ns
PH153812010,0 ns
PH153820002,0 ns
PH153806010,3 cold spot
PH153836006,3 cold spot
PH153807011,1 hot spot
PH153814003,0 ns
PH153824004,0 ns
PH153832001,1 hot spot
PH153820003,0 ns
PH153837002,0 ns
PH153810025,2 low outlier
PH153807013,1 hot spot
PH153812012,1 hot spot
PH153806011,0 ns
PH153836007,0 ns
PH153816007,0 ns
PH153823001,0 ns
PH153810006,1 hot spot
PH153805016,0 ns
PH153823002,0 ns
PH153812052,0 ns
PH153834002,1 hot spot
PH153805003,0 ns
PH153829003,0 ns
PH153826002,1 hot spot
PH153813006,0 ns
PH153812013,0 ns
PH153815008,1 hot spot
PH153837003,0 ns
PH153820004,0 ns
PH153825003,0 ns
PH153805019,0 ns
PH153837004,0 ns
PH153837005,0 ns
PH153811032,0 ns
PH153801004,0 ns
PH153803008,1 hot spot
PH153828002,1 hot spot
PH153807014,1 hot spot
PH153802009,0 ns
PH153806015,0 ns
PH153836008,0 ns
PH153837006,0 ns
PH153807015,0 ns
PH153822004,0 ns
PH153802011,0 ns
PH153805020,0 ns
PH153826003,1 hot spot
PH153816008,0 ns
PH153816009,0 ns
PH153818003,0 ns
PH153811008,0 ns
PH153821003,0 ns
PH153813008,0 ns
PH153811033,0 ns
PH153810008,1 hot spot
PH153814005,0 ns
PH153815009,0 ns
PH153812014,0 ns
PH153814006,0 ns
PH153837007,0 ns
PH153829004,0 ns
PH153826005,0 ns
PH153834003,0 ns
PH153834004,0 ns
PH153811010,1 hot spot
PH153828003,0 ns
PH153811009,2 low outlier
PH153827002,0 ns
PH153837008,0 ns
PH153812015,0 ns
PH153834005,0 ns
PH153810009,1 hot spot
PH153817004,0 ns
PH153815010,1 hot spot
PH153826007,0 ns
PH153811030,0 ns
PH153833001,1 hot spot
PH153812016,0 ns
PH153801011,1 hot spot
PH153823006,0 ns
PH153812017,0 ns
PH153807017,0 ns
PH153819005,0 ns
PH153810010,0 ns
PH153832002,1 hot spot
PH153806021,0 ns
PH153836009,0 ns
PH153825004,0 ns
PH153805014,0 ns
PH153801012,0 ns
PH153806039,1 hot spot
PH153812018,0 ns
PH153834006,0 ns
PH153801014,0 ns
PH153802008,0 ns
PH153812028,0 ns
PH153825005,0 ns
PH153816013,0 ns
PH153812019,0 ns
PH153814008,0 ns
PH153805004,0 ns
PH153812020,1 hot spot
PH153801015,0 ns
PH153828004,0 ns
PH153833002,1 hot spot
PH153833003,0 ns
PH153816014,2 low outlier
PH153807018,0 ns
PH153815012,0 ns
PH153815013,0 ns
PH153809005,0 ns
PH153815014,0 ns
PH153817005,0 ns
PH153821004,0 ns
PH153821005,0 ns
PH153810013,0 ns
PH153830001,0 ns
PH153815017,0 ns
PH153824005,0 ns
PH153826008,1 hot spot
PH153826009,1 hot spot
PH153818012,0 ns
PH153835001,0 ns
PH153810014,1 hot spot
PH153821006,1 hot spot
PH153813013,0 ns
PH153819006,0 ns
PH153802012,0 ns
PH153808011,0 ns
PH153807019,0 ns
PH153807020,0 ns
PH153817001,1 hot spot
PH153808012,0 ns
PH153835002,1 hot spot
PH153835003,1 hot spot
PH153807021,1 hot spot
PH153812023,0 ns
PH153830002,0 ns
PH153825006,0 ns
PH153818013,1 hot spot
PH153817006,0 ns
PH153811012,0 ns
PH153809008,1 hot spot
PH153814009,0 ns
PH153813015,0 ns
PH153809009,1 hot spot
PH153816018,0 ns
PH153819007,0 ns
PH153830003,0 ns
PH153808013,0 ns
PH153819008,0 ns
PH153810015,1 hot spot
PH153833004,1 hot spot
PH153820006,0 ns
PH153834007,0 ns
PH153820007,0 ns
PH153837015,0 ns
PH153822005,0 ns
PH153811013,0 ns
PH153812024,1 hot spot
PH153835004,0 ns
PH153816019,0 ns
PH153810017,0 ns
PH153837009,0 ns
PH153807022,0 ns
PH153806025,3 cold spot
PH153814011,0 ns
PH153818004,1 hot spot
PH153836010,3 cold spot
PH153818005,0 ns
PH153805021,0 ns
PH153818006,0 ns
PH153805013,3 cold spot
PH153817007,1 hot spot
PH153833005,1 hot spot
PH153819009,0 ns
PH153803023,2 low outlier
PH153814028,0 ns
PH153832003,0 ns
PH153819010,0 ns
PH153820009,0 ns
PH153824006,1 hot spot
PH153835010,0 ns
PH153827003,0 ns
PH153825007,0 ns
PH153811026,0 ns
PH153826010,0 ns
PH153805022,0 ns
PH153828005,1 hot spot
PH153806028,0 ns
PH153836011,0 ns
PH153811015,1 hot spot
PH153812026,0 ns
PH153814012,0 ns
PH153827004,0 ns
PH153821007,0 ns
PH153812027,0 ns
PH153819011,0 ns
PH153805023,0 ns
PH153811016,1 hot spot
PH153807023,1 hot spot
PH153805006,0 ns
PH153833006,1 hot spot
PH153827005,0 ns
PH153801018,0 ns
PH153829005,0 ns
PH153808023,0 ns
PH153820010,0 ns
PH153805007,2 low outlier
PH153821008,0 ns
PH153805008,0 ns
PH153811025,0 ns
PH153820011,0 ns
PH153805024,0 ns
PH153828006,0 ns
PH153831003,1 hot spot
PH153816025,0 ns
PH153828007,0 ns
PH153818007,0 ns
PH153807024,0 ns
PH153822006,0 ns
PH153806029,3 cold spot
PH153836012,3 cold spot
PH153803030,1 hot spot
PH153813021,0 ns
PH153801022,2 low outlier
PH153802017,0 ns
PH153812029,0 ns
PH153814013,0 ns
PH153830004,0 ns
PH153827006,0 ns
PH153830005,0 ns
PH153819012,0 ns
PH153819013,0 ns
PH153831004,1 hot spot
PH153829006,0 ns
PH153802018,0 ns
PH153818011,0 ns
PH153815022,1 hot spot
PH153807026,0 ns
PH153806030,0 ns
PH153834008,0 ns
PH153811034,2 low outlier
PH153812030,0 ns
PH153825008,0 ns
PH153825009,0 ns
PH153818008,0 ns
PH153822007,1 hot spot
PH153837010,0 ns
PH153812031,0 ns
PH153830006,0 ns
PH153824007,0 ns
PH153815023,0 ns
PH153805025,0 ns
PH153812053,0 ns
PH153812033,0 ns
PH153807025,0 ns
PH153811017,1 hot spot
PH153831005,0 ns
PH153815025,0 ns
PH153802020,0 ns
PH153812034,0 ns
PH153811018,0 ns
PH153802021,0 ns
PH153822008,1 hot spot
PH153814014,0 ns
PH153836013,0 ns
PH153837011,0 ns
PH153837016,0 ns
PH153821011,0 ns
PH153823003,0 ns
PH153832004,1 hot spot
PH153805015,0 ns
PH153813050,0 ns
PH153837012,0 ns
PH153829007,0 ns
PH153827008,0 ns
PH153832005,1 hot spot
PH153812035,0 ns
PH153833007,1 hot spot
PH153817008,1 hot spot
PH153836014,3 cold spot
PH153818014,0 ns
PH153819015,0 ns
PH153802022,0 ns
PH153813028,0 ns
PH153834009,0 ns
PH153814015,0 ns
PH153814017,0 ns
PH153830007,0 ns
PH153836015,0 ns
PH153814016,0 ns
PH153820013,0 ns
PH153829008,0 ns
PH153819018,0 ns
PH153802023,2 low outlier
PH153812036,0 ns
PH153812037,0 ns
PH153837013,0 ns
PH153817009,0 ns
PH153820014,0 ns
PH153811019,1 hot spot
PH153812038,0 ns
PH153812039,0 ns
PH153810021,0 ns
PH153803039,1 hot spot
PH153805026,0 ns
PH153808034,0 ns
PH153811020,1 hot spot
PH153814018,0 ns
PH153806034,0 ns
PH153808046,1 hot spot
PH153808047,0 ns
PH153811028,1 hot spot
PH153811021,1 hot spot
PH153803040,1 hot spot
PH153830013,0 ns
PH153837014,0 ns
PH153805010,0 ns
PH153819019,0 ns
PH153812040,1 hot spot
PH153819016,0 ns
PH153815029,2 low outlier
PH153812041,1 hot spot
PH153806035,0 ns
PH153815030,0 ns
PH153815031,0 ns
PH153815032,0 ns
PH153830008,0 ns
PH153815034,2 low outlier
PH153817010,1 hot spot
PH153818009,0 ns
PH153802025,1 hot spot
PH153834010,0 ns
PH153819020,0 ns
PH153823007,0 ns
PH153826013,1 hot spot
PH153805027,0 ns
PH153812042,1 hot spot
PH153801035,0 ns
PH153811029,2 low outlier
PH153812043,0 ns
PH153836016,0 ns
PH153825010,0 ns
PH153829009,0 ns
PH153817011,0 ns
PH153801028,0 ns
PH153809007,1 hot spot
PH153820016,0 ns
PH153829010,0 ns
PH153807027,0 ns
PH153808037,0 ns
PH153835005,0 ns
PH153830009,0 ns
PH153815036,2 low outlier
PH153807028,1 hot spot
PH153812044,0 ns
PH153805011,0 ns
PH153807029,0 ns
PH153807030,0 ns
PH153824008,0 ns
PH153830010,0 ns
PH153824009,0 ns
PH153828008,0 ns
PH153819021,0 ns
PH153829011,0 ns
PH153811023,0 ns
PH153835006,0 ns
PH153822009,1 hot spot
PH153816033,0 ns
PH153835007,0 ns
PH153828009,0 ns
PH153803045,1 hot spot
PH153821012,0 ns
PH153822010,0 ns
PH153816035,0 ns
PH153807031,0 ns
PH153830011,0 ns
PH153824010,2 low outlier
PH153816036,1 hot spot
PH153825011,0 ns
PH153807032,1 hot spot
PH153807033,1 hot spot
PH153824011,0 ns
PH153807034,0 ns
PH153808038,0 ns
PH153824012,0 ns
PH153807035,0 ns
PH153836017,0 ns
PH153832006,1 hot spot
PH153807036,0 ns
PH153816038,2 low outlier
PH153808039,0 ns
PH153808040,0 ns
PH153832007,1 hot spot
PH153815042,0 ns
PH153818010,0 ns
PH153801031,0 ns
PH153819017,0 ns
PH153823008,0 ns
PH153835008,0 ns
PH153835009,1 hot spot
PH153801032,0 ns
PH153830012,0 ns
PH153811024,0 ns
PH153813045,0 ns
PH153831006,0 ns
PH153820017,0 ns
PH153824013,0 ns
PH153813046,0 ns
PH153820018,0 ns
PH153828010,0 ns
PH153831007,1 hot spot
PH153834011,0 ns
PH153832008,1 hot spot
PH153822011,1 hot spot
PH153835011,0 ns
PH153827010,0 ns
PH153812051,1 hot spot
PH153833008,1 hot spot
PH153823004,0 ns
PH153819022,0 ns
PH153803054,1 hot spot
PH153814019,0 ns
PH156601001,1 hot spot
PH156602001,1 hot spot
PH156608001,0 ns
PH156617001,0 ns
PH156609024,0 ns
PH156609002,0 ns
PH156617002,0 ns
PH156614013,0 ns
PH156605001,0 ns
PH156610001,0 ns
PH156613001,0 ns
PH156619001,0 ns
PH156619002,0 ns
PH156611001,1 hot spot
PH156607001,0 ns
PH156602002,1 hot spot
PH156609003,0 ns
PH156613002,0 ns
PH156615001,0 ns
PH156611002,0 ns
PH156612001,0 ns
PH156607002,0 ns
PH156618001,0 ns
PH156613003,0 ns
PH156601002,1 hot spot
PH156615002,0 ns
PH156606012,0 ns
PH156607003,0 ns
PH156611003,0 ns
PH156608003,0 ns
PH156614003,0 ns
PH156617003,0 ns
PH156605002,0 ns
PH156601003,0 ns
PH156607004,0 ns
PH156609004,0 ns
PH156609005,0 ns
PH156613004,0 ns
PH156607005,0 ns
PH156611004,0 ns
PH156604004,1 hot spot
PH156605003,0 ns
PH156605004,1 hot spot
PH156612004,0 ns
PH156601004,1 hot spot
PH156606002,0 ns
PH156613007,0 ns
PH156607006,0 ns
PH156618002,0 ns
PH156601005,0 ns
PH156611005,0 ns
PH156609006,0 ns
PH156605005,3 cold spot
PH156607007,0 ns
PH156612006,0 ns
PH156609008,0 ns
PH156612007,0 ns
PH156611006,0 ns
PH156613008,0 ns
PH156601006,0 ns
PH156613009,0 ns
PH156602003,1 hot spot
PH156609009,0 ns
PH156609010,0 ns
PH156612008,0 ns
PH156619003,0 ns
PH156602004,1 hot spot
PH156613010,0 ns
PH156611007,0 ns
PH156615003,0 ns
PH156609011,0 ns
PH156607008,0 ns
PH156610003,0 ns
PH156612010,0 ns
PH156605007,3 cold spot
PH156612011,0 ns
PH156615004,0 ns
PH156609012,0 ns
PH156612012,0 ns
PH156612013,0 ns
PH156616001,1 hot spot
PH156611030,1 hot spot
PH156617004,0 ns
PH156617005,0 ns
PH156613011,0 ns
PH156616002,0 ns
PH156609013,0 ns
PH156604029,1 hot spot
PH156605008,0 ns
PH156618003,0 ns
PH156614010,0 ns
PH156619004,1 hot spot
PH156617007,0 ns
PH156617006,0 ns
PH156611008,0 ns
PH156605009,0 ns
PH156612015,0 ns
PH156612016,0 ns
PH156601007,0 ns
PH156616009,0 ns
PH156613059,0 ns
PH156613014,0 ns
PH156618004,0 ns
PH156601008,0 ns
PH156611009,0 ns
PH156612018,0 ns
PH156613015,0 ns
PH156606003,0 ns
PH156611010,0 ns
PH156601010,0 ns
PH156613016,0 ns
PH156609001,0 ns
PH156613017,0 ns
PH156615005,0 ns
PH156609015,0 ns
PH156601011,1 hot spot
PH156614014,0 ns
PH156607011,0 ns
PH156614016,0 ns
PH156610004,0 ns
PH156603002,1 hot spot
PH156616003,0 ns
PH156611011,0 ns
PH156607014,0 ns
PH156601012,0 ns
PH156607013,2 low outlier
PH156604007,1 hot spot
PH156607015,0 ns
PH156604008,1 hot spot
PH156607016,0 ns
PH156609016,0 ns
PH156614018,0 ns
PH156613018,0 ns
PH156605010,2 low outlier
PH156601013,0 ns
PH156610005,0 ns
PH156603004,1 hot spot
PH156613019,0 ns
PH156614017,0 ns
PH156605011,0 ns
PH156601014,0 ns
PH156603013,0 ns
PH156601015,0 ns
PH156614019,0 ns
PH156611012,0 ns
PH156607017,0 ns
PH156608004,0 ns
PH156610006,0 ns
PH156608005,0 ns
PH156610007,0 ns
PH156613020,0 ns
PH156612019,0 ns
PH156612020,0 ns
PH156613021,0 ns
PH156613023,0 ns
PH156605012,0 ns
PH156607018,0 ns
PH156612021,0 ns
PH156601016,0 ns
PH156617008,0 ns
PH156609017,0 ns
PH156613024,0 ns
PH156605013,3 cold spot
PH156605014,0 ns
PH156609019,0 ns
PH156613025,0 ns
PH156617009,0 ns
PH156618005,0 ns
PH156619005,1 hot spot
PH156607019,0 ns
PH156604012,2 low outlier
PH156613026,0 ns
PH156601017,0 ns
PH156609044,0 ns
PH156611013,2 low outlier
PH156601018,0 ns
PH156605015,0 ns
PH156608006,0 ns
PH156605020,0 ns
PH156618006,0 ns
PH156617010,0 ns
PH156611014,1 hot spot
PH156612025,0 ns
PH156605016,0 ns
PH156618016,0 ns
PH156609021,0 ns
PH156605017,0 ns
PH156609023,0 ns
PH156611015,0 ns
PH156609025,0 ns
PH156604013,1 hot spot
PH156613027,0 ns
PH156601019,0 ns
PH156616004,0 ns
PH156616010,1 hot spot
PH156610008,0 ns
PH156604014,2 low outlier
PH156609026,0 ns
PH156609027,0 ns
PH156613028,0 ns
PH156613029,0 ns
PH156613030,0 ns
PH156613031,0 ns
PH156607028,0 ns
PH156609045,0 ns
PH156613032,0 ns
PH156613033,0 ns
PH156605019,3 cold spot
PH156616005,1 hot spot
PH156617011,0 ns
PH156608007,0 ns
PH156609029,0 ns
PH156613035,0 ns
PH156613036,0 ns
PH156609028,0 ns
PH156605018,0 ns
PH156607023,0 ns
PH156613037,0 ns
PH156609030,0 ns
PH156615006,0 ns
PH156612023,0 ns
PH156612026,0 ns
PH156610009,0 ns
PH156613038,0 ns
PH156613039,0 ns
PH156618007,0 ns
PH156611016,0 ns
PH156601020,0 ns
PH156618008,0 ns
PH156613040,0 ns
PH156604015,0 ns
PH156601021,0 ns
PH156617012,0 ns
PH156601022,0 ns
PH156612030,0 ns
PH156617013,0 ns
PH156613041,0 ns
PH156616011,0 ns
PH156603017,1 hot spot
PH156603018,1 hot spot
PH156605021,0 ns
PH156611017,1 hot spot
PH156613042,0 ns
PH156612032,0 ns
PH156613043,0 ns
PH156619006,0 ns
PH156613044,0 ns
PH156604030,1 hot spot
PH156610010,0 ns
PH156612035,0 ns
PH156609031,0 ns
PH156612037,0 ns
PH156612038,0 ns
PH156618009,0 ns
PH156612040,0 ns
PH156615007,0 ns
PH156612041,0 ns
PH156606008,0 ns
PH156614025,0 ns
PH156616012,0 ns
PH156617014,0 ns
PH156601023,0 ns
PH156601024,0 ns
PH156616006,0 ns
PH156608009,0 ns
PH156608010,0 ns
PH156603010,1 hot spot
PH156614027,0 ns
PH156603011,0 ns
PH156611018,0 ns
PH156611019,0 ns
PH156601028,0 ns
PH156608011,0 ns
PH156611020,0 ns
PH156613045,0 ns
PH156607027,0 ns
PH156618010,0 ns
PH156617015,0 ns
PH156601025,0 ns
PH156605022,0 ns
PH156610011,0 ns
PH156611021,0 ns
PH156608012,0 ns
PH156609032,0 ns
PH156609033,0 ns
PH156610012,0 ns
PH156612046,0 ns
PH156603012,0 ns
PH156609034,0 ns
PH156612009,0 ns
PH156601026,0 ns
PH156605023,0 ns
PH156609035,0 ns
PH156607030,0 ns
PH156607031,0 ns
PH156616007,0 ns
PH156612042,0 ns
PH156614028,0 ns
PH156612080,0 ns
PH156612048,0 ns
PH156605006,0 ns
PH156612049,0 ns
PH156610013,0 ns
PH156609036,0 ns
PH156613047,0 ns
PH156609037,0 ns
PH156602007,1 hot spot
PH156611022,0 ns
PH156610014,0 ns
PH156601027,0 ns
PH156612050,0 ns
PH156601036,0 ns
PH156614030,0 ns
PH156608014,0 ns
PH156607033,0 ns
PH156607034,0 ns
PH156618011,0 ns
PH156617016,0 ns
PH156612053,0 ns
PH156618012,0 ns
PH156615009,0 ns
PH156609038,0 ns
PH156608013,0 ns
PH156612056,0 ns
PH156612057,0 ns
PH156601029,0 ns
PH156612059,0 ns
PH156612060,0 ns
PH156612061,0 ns
PH156612058,0 ns
PH156618013,0 ns
PH156612065,0 ns
PH156615010,0 ns
PH156612066,0 ns
PH156612067,0 ns
PH156607036,0 ns
PH156608016,0 ns
PH156618014,0 ns
PH156612069,0 ns
PH156619007,0 ns
PH156614032,0 ns
PH156615011,0 ns
PH156607037,0 ns
PH156605024,0 ns
PH156601030,1 hot spot
PH156611023,0 ns
PH156615012,0 ns
PH156609039,0 ns
PH156602008,1 hot spot
PH156613048,0 ns
PH156615013,0 ns
PH156613049,0 ns
PH156612070,0 ns
PH156605025,0 ns
PH156611024,0 ns
PH156604024,1 hot spot
PH156607038,0 ns
PH156614033,0 ns
PH156619008,1 hot spot
PH156611025,0 ns
PH156615015,0 ns
PH156611026,0 ns
PH156607039,0 ns
PH156618015,0 ns
PH156612071,0 ns
PH156606015,0 ns
PH156613051,0 ns
PH156609040,0 ns
PH156601031,1 hot spot
PH156611027,0 ns
PH156610015,0 ns
PH156607040,0 ns
PH156613052,0 ns
PH156617017,0 ns
PH156615014,0 ns
PH156616008,0 ns
PH156612072,0 ns
PH156612073,0 ns
PH156608017,0 ns
PH156612074,0 ns
PH156601032,0 ns
PH156607042,0 ns
PH156607043,0 ns
PH156612075,0 ns
PH156608018,0 ns
PH156601033,0 ns
PH156608019,0 ns
PH156604021,0 ns
PH156605026,0 ns
PH156613053,0 ns
PH156611028,0 ns
PH156609041,0 ns
PH156614035,0 ns
PH156602009,1 hot spot
PH156604028,0 ns
PH156612076,0 ns
PH156609042,0 ns
PH156601035,2 low outlier
PH156603016,1 hot spot
PH156613054,0 ns
PH156611029,0 ns
PH156613060,0 ns
PH156613055,0 ns
PH156613056,2 low outlier
PH156607029,0 ns
PH156613057,0 ns
PH156613058,0 ns
PH156605027,3 cold spot
PH156602010,1 hot spot
PH156609043,0 ns
PH157009014,0 ns
PH157011001,0 ns
PH157006001,0 ns
PH157004015,0 ns
PH157009015,0 ns
PH157009001,0 ns
PH157004001,0 ns
PH157010001,0 ns
PH157001001,0 ns
PH157007002,0 ns
PH157007044,0 ns
PH157009002,0 ns
PH157009016,0 ns
PH157009003,0 ns
PH157001002,0 ns
PH157001010,0 ns
PH157001011,0 ns
PH157006005,0 ns
PH157006006,3 cold spot
PH157006007,0 ns
PH157003001,0 ns
PH157002027,1 hot spot
PH157001003,0 ns
PH157006008,0 ns
PH157006011,0 ns
PH157006010,0 ns
PH157006009,0 ns
PH157007045,0 ns
PH157010004,0 ns
PH157010005,0 ns
PH157009004,0 ns
PH157011002,0 ns
PH157005016,1 hot spot
PH157004008,0 ns
PH157003002,0 ns
PH157001004,0 ns
PH157006013,0 ns
PH157003013,0 ns
PH157003005,0 ns
PH157011003,0 ns
PH157011004,0 ns
PH157011005,0 ns
PH157007046,0 ns
PH157011006,0 ns
PH157005021,1 hot spot
PH157002005,0 ns
PH157009017,0 ns
PH157007009,0 ns
PH157007047,0 ns
PH157009018,0 ns
PH157002006,0 ns
PH157001012,0 ns
PH157002007,0 ns
PH157007010,0 ns
PH157009019,0 ns
PH157010007,0 ns
PH157003003,0 ns
PH157001013,0 ns
PH157002044,0 ns
PH157006012,0 ns
PH157007012,0 ns
PH157006015,3 cold spot
PH157002009,0 ns
PH157010009,0 ns
PH157006016,3 cold spot
PH157002010,1 hot spot
PH157009005,0 ns
PH157002012,0 ns
PH157002013,0 ns
PH157010008,0 ns
PH157006017,0 ns
PH157011007,0 ns
PH157008002,0 ns
PH157006038,0 ns
PH157006019,0 ns
PH157001014,0 ns
PH157003014,0 ns
PH157010016,0 ns
PH157010002,1 hot spot
PH157010017,0 ns
PH157003015,0 ns
PH157003004,0 ns
PH157001005,0 ns
PH157004009,0 ns
PH157002014,0 ns
PH157002015,0 ns
PH157001015,0 ns
PH157003006,0 ns
PH157001016,0 ns
PH157010012,0 ns
PH157002016,0 ns
PH157002017,0 ns
PH157010013,0 ns
PH157004002,0 ns
PH157009020,0 ns
PH157009006,0 ns
PH157004010,0 ns
PH157002018,0 ns
PH157004003,0 ns
PH157002019,0 ns
PH157002045,1 hot spot
PH157007026,0 ns
PH157005022,0 ns
PH157006014,0 ns
PH157010018,0 ns
PH157011008,0 ns
PH157006024,0 ns
PH157006023,0 ns
PH157002021,0 ns
PH157002047,1 hot spot
PH157002022,0 ns
PH157004011,0 ns
PH157002046,0 ns
PH157002023,1 hot spot
PH157002024,0 ns
PH157010006,0 ns
PH157010019,0 ns
PH157006025,0 ns
PH157005023,0 ns
PH157004012,0 ns
PH157002025,0 ns
PH157009013,0 ns
PH157001007,1 hot spot
PH157002026,1 hot spot
PH157003007,0 ns
PH157006026,0 ns
PH157007048,0 ns
PH157007030,0 ns
PH157002030,0 ns
PH157007031,0 ns
PH157003016,0 ns
PH157010014,0 ns
PH157010020,0 ns
PH157011009,0 ns
PH157007049,0 ns
PH157011010,0 ns
PH157003008,0 ns
PH157009021,0 ns
PH157007033,0 ns
PH157002031,0 ns
PH157009009,0 ns
PH157002033,1 hot spot
PH157005025,0 ns
PH157005004,0 ns
PH157006027,0 ns
PH157005001,0 ns
PH157004013,0 ns
PH157010021,0 ns
PH157002034,0 ns
PH157001017,0 ns
PH157003009,0 ns
PH157001008,0 ns
PH157010011,0 ns
PH157008001,0 ns
PH157011011,0 ns
PH157006028,0 ns
PH157004004,0 ns
PH157006029,0 ns
PH157011012,0 ns
PH157003010,0 ns
PH157007050,0 ns
PH157006039,3 cold spot
PH157010010,0 ns
PH157007043,0 ns
PH157007041,0 ns
PH157010015,0 ns
PH157010022,0 ns
PH157007051,0 ns
PH157002037,0 ns
PH157007052,0 ns
PH157011013,0 ns
PH157004014,0 ns
PH157006030,0 ns
PH157006032,0 ns
PH157007042,0 ns
PH157011014,0 ns
PH157004005,0 ns
PH157010003,0 ns
PH157005010,1 hot spot
PH157011015,0 ns
PH157002040,0 ns
PH157005012,0 ns
PH157002042,0 ns
PH157009022,0 ns
PH157006035,0 ns
PH157006033,0 ns
PH157006034,0 ns
PH157004006,0 ns
PH157002048,1 hot spot
PH157002049,1 hot spot
PH157002050,1 hot spot
PH157009010,0 ns
PH157006036,0 ns
PH157009011,0 ns
PH157009012,0 ns
PH157001018,0 ns
PH157001009,0 ns
PH157010023,2 low outlier
PH157004007,0 ns
PH157003012,0 ns
PH157006037,0 ns
PH157002043,0 ns
PH157011016,0 ns
